country,year,life_expectancy
Afghanistan,2000,54.98949
Afghanistan,2010,59.94055
Afghanistan,2015,61.65429
Afghanistan,2019,63.2099
Afghanistan,2021,59.126903534
Africa,2000,52.65365
Africa,2010,59.48694
Africa,2015,62.5606
Africa,2019,64.49229
Africa,2021,63.552440643
Albania,2000,73.54528
Albania,2010,76.24688
Albania,2015,77.84428
Albania,2019,78.00018
Albania,2021,76.390892029
Algeria,2000,72.21101
Algeria,2010,75.85488
Algeria,2015,76.54363
Algeria,2019,77.13415
Algeria,2021,75.977653503
Americas,2000,74.12141
Americas,2010,75.43713
Americas,2015,76.78436
Americas,2019,77.15873
Americas,2021,74.112686157
Angola,2000,49.30265
Angola,2010,58.06943
Angola,2015,61.71907
Angola,2019,63.06044
Angola,2021,62.131134033
Antigua and Barbuda,2000,74.56184
Antigua and Barbuda,2010,75.94979
Antigua and Barbuda,2015,76.13984
Antigua and Barbuda,2019,76.45393
Antigua and Barbuda,2021,76.91526794399999
Argentina,2000,74.08556
Argentina,2010,75.43737
Argentina,2015,76.16682
Argentina,2019,76.57514
Argentina,2021,74.568977356
Armenia,2000,71.88136
Armenia,2010,73.11896
Armenia,2015,74.51096
Armenia,2019,76.02519
Armenia,2021,72.984580994
Australia,2000,79.69334
Australia,2010,81.9043
Australia,2015,82.2783
Australia,2019,83.04064
Australia,2021,83.101837158
Austria,2000,78.16925
Austria,2010,80.3856
Austria,2015,80.98208
Austria,2019,81.64519
Austria,2021,80.992973328
Azerbaijan,2000,65.52002
Azerbaijan,2010,69.02677
Azerbaijan,2015,70.6707
Azerbaijan,2019,71.42894
Azerbaijan,2021,72.912940979
Bahamas,2000,70.93668
Bahamas,2010,72.95849
Bahamas,2015,72.91566
Bahamas,2019,73.21226
Bahamas,2021,70.432739258
Bahrain,2000,70.46838
Bahrain,2010,74.51688
Bahrain,2015,76.46371
Bahrain,2019,75.81459
Bahrain,2021,74.383720398
Bangladesh,2000,65.58728
Bangladesh,2010,70.28825
Bangladesh,2015,73.58051
Bangladesh,2019,74.25471
Bangladesh,2021,73.102516174
Barbados,2000,74.49873
Barbados,2010,75.88476
Barbados,2015,76.21642
Barbados,2019,76.0344
Barbados,2021,76.841835022
Belarus,2000,68.84592
Belarus,2010,70.38769
Belarus,2015,73.81525
Belarus,2019,74.80977
Belarus,2021,73.123245239
Belgium,2000,77.66169
Belgium,2010,79.84602
Belgium,2015,80.71184
Belgium,2019,81.42305
Belgium,2021,81.505966187
Belize,2000,70.34421
Belize,2010,73.38513
Belize,2015,74.04993
Belize,2019,74.40823
Belize,2021,73.320556641
Benin,2000,56.59007
Benin,2010,60.47139
Benin,2015,61.96257
Benin,2019,63.42606
Benin,2021,64.012687683
Bhutan,2000,65.69579
Bhutan,2010,71.00534
Bhutan,2015,72.15268
Bhutan,2019,73.1091
Bhutan,2021,74.876426697
Bolivia (Plurinational State of),2000,66.01998
Bolivia (Plurinational State of),2010,70.34061
Bolivia (Plurinational State of),2015,71.5186
Bolivia (Plurinational State of),2019,72.13765
Bolivia (Plurinational State of),2021,65.410621643
Bosnia and Herzegovina,2000,75.41919
Bosnia and Herzegovina,2010,76.18808
Bosnia and Herzegovina,2015,76.31874
Bosnia and Herzegovina,2019,76.75007
Bosnia and Herzegovina,2021,74.849441528
Botswana,2000,45.58516
Botswana,2010,58.1373
Botswana,2015,60.92577
Botswana,2019,62.24785
Botswana,2021,61.231189728
Brazil,2000,71.46612
Brazil,2010,74.09258
Brazil,2015,75.13264
Brazil,2019,75.90331
Brazil,2021,72.388404846
Brunei Darussalam,2000,72.20396
Brunei Darussalam,2010,74.567
Brunei Darussalam,2015,74.40452
Brunei Darussalam,2019,74.32442
Brunei Darussalam,2021,76.922607422
Bulgaria,2000,71.60985
Bulgaria,2010,73.64205
Bulgaria,2015,74.55482
Bulgaria,2019,75.07156
Bulgaria,2021,71.305862427
Burkina Faso,2000,51.64145
Burkina Faso,2010,58.59142
Burkina Faso,2015,60.91832
Burkina Faso,2019,62.7035
Burkina Faso,2021,62.297286987
Burundi,2000,43.78423
Burundi,2010,58.59703
Burundi,2015,62.04675
Burundi,2019,63.83847
Burundi,2021,64.006950378
Cabo Verde,2000,70.97066
Cabo Verde,2010,74.12373
Cabo Verde,2015,74.88204
Cabo Verde,2019,74.03075
Cabo Verde,2021,73.160980225
Cambodia,2000,58.68463
Cambodia,2010,67.21539
Cambodia,2015,69.17362
Cambodia,2019,70.12289
Cambodia,2021,68.923995972
Cameroon,2000,52.82113
Cameroon,2010,56.58267
Cameroon,2015,59.11311
Cameroon,2019,62.35601
Cameroon,2021,61.769348145
Canada,2000,79.09756
Canada,2010,81.3058
Canada,2015,81.75909
Canada,2019,82.23827
Canada,2021,81.582763672
Central African Republic,2000,44.33932
Central African Republic,2010,48.51089
Central African Republic,2015,50.53056
Central African Republic,2019,53.09729
Central African Republic,2021,52.307727814
Chad,2000,51.07935
Chad,2010,55.65166
Chad,2015,57.9122
Chad,2019,59.63255
Chad,2021,59.08581543
Chile,2000,76.77242
Chile,2010,78.46236
Chile,2015,79.81646
Chile,2019,80.73621
Chile,2021,79.024047852
China,2000,71.58401
China,2010,74.88925
China,2015,76.64185
China,2019,77.43322
China,2021,77.616195679
Colombia,2000,73.74615
Colombia,2010,77.09467
Colombia,2015,78.35336
Colombia,2019,79.31356
Colombia,2021,74.532974243
Comoros,2000,61.50557
Comoros,2010,64.97557
Comoros,2015,66.45436
Comoros,2019,67.3913
Comoros,2021,67.497039795
Congo,2000,52.11573
Congo,2010,60.95192
Congo,2015,63.11351
Congo,2019,64.73853
Congo,2021,63.172622681
Costa Rica,2000,78.00478
Costa Rica,2010,79.55984
Costa Rica,2015,80.7813
Costa Rica,2019,80.84692
Costa Rica,2021,78.630531311
Croatia,2000,74.3574
Croatia,2010,76.71532
Croatia,2015,77.5798
Croatia,2019,78.63747
Croatia,2021,76.861679077
Cuba,2000,76.76054
Cuba,2010,77.65455
Cuba,2015,77.91375
Cuba,2019,77.76285
Cuba,2021,73.673332214
Cyprus,2000,78.74654
Cyprus,2010,81.01904
Cyprus,2015,82.01412
Cyprus,2019,83.14104
Cyprus,2021,81.912742615
Czechia,2000,74.95213
Czechia,2010,77.56047
Czechia,2015,78.45764
Czechia,2019,79.1303
Czechia,2021,77.077301025
Côte d'Ivoire,2000,50.33079
Côte d'Ivoire,2010,56.61696
Côte d'Ivoire,2015,60.19939
Côte d'Ivoire,2019,62.91527
Côte d'Ivoire,2021,63.517406464
Democratic People's Republic of Korea,2000,63.95288
Democratic People's Republic of Korea,2010,70.182
Democratic People's Republic of Korea,2015,71.75806
Democratic People's Republic of Korea,2019,72.63359
Democratic People's Republic of Korea,2021,72.64315033
Democratic Republic of the Congo,2000,52.44439
Democratic Republic of the Congo,2010,57.50722
Democratic Republic of the Congo,2015,60.44355
Democratic Republic of the Congo,2019,62.35105
Democratic Republic of the Congo,2021,61.625526428
Denmark,2000,76.93244
Denmark,2010,79.16606
Denmark,2015,80.59389
Denmark,2019,81.31571
Denmark,2021,81.184005737
Djibouti,2000,59.84435
Djibouti,2010,61.8674
Djibouti,2015,64.64274
Djibouti,2019,65.81488
Djibouti,2021,64.872268677
Dominican Republic,2000,73.2209
Dominican Republic,2010,73.16863
Dominican Republic,2015,71.75336
Dominican Republic,2019,72.84367
Dominican Republic,2021,73.321029663
Eastern Mediterranean,2000,65.01682
Eastern Mediterranean,2010,67.57658
Eastern Mediterranean,2015,68.38928
Eastern Mediterranean,2019,69.7439
Eastern Mediterranean,2021,68.487434387
Ecuador,2000,74.53304
Ecuador,2010,75.02002
Ecuador,2015,77.18231
Ecuador,2019,78.44662
Ecuador,2021,73.958015442
Egypt,2000,69.82364
Egypt,2010,70.1955
Egypt,2015,70.4922
Egypt,2019,71.81616
Egypt,2021,69.108215332
El Salvador,2000,72.4995
El Salvador,2010,74.5043
El Salvador,2015,73.24693
El Salvador,2019,75.033
El Salvador,2021,71.667037964
Equatorial Guinea,2000,54.31445
Equatorial Guinea,2010,59.65091
Equatorial Guinea,2015,61.12561
Equatorial Guinea,2019,62.19166
Equatorial Guinea,2021,61.605422974
Eritrea,2000,54.51377
Eritrea,2010,60.69732
Eritrea,2015,62.29015
Eritrea,2019,64.08144
Eritrea,2021,63.573085785
Estonia,2000,70.94411
Estonia,2010,75.87077
Estonia,2015,77.60223
Estonia,2019,78.87813
Estonia,2021,77.131317139
Eswatini,2000,47.04535
Eswatini,2010,47.42663
Eswatini,2015,54.04612
Eswatini,2019,57.72837
Eswatini,2021,54.592670441
Ethiopia,2000,50.57764
Ethiopia,2010,62.91552
Ethiopia,2015,66.82242
Ethiopia,2019,68.6994
Ethiopia,2021,67.83908844
Europe,2000,72.51141
Europe,2010,75.71659
Europe,2015,77.08962
Europe,2019,78.24261
Europe,2021,76.287292481
Fiji,2000,65.89899
Fiji,2010,67.60218
Fiji,2015,67.82661
Fiji,2019,68.01035
Fiji,2021,65.500587463
Finland,2000,77.59772
Finland,2010,79.87524
Finland,2015,81.21355
Finland,2019,81.6124
Finland,2021,81.534194946
France,2000,78.91328
France,2010,81.21869
France,2015,81.9132
France,2019,82.47668
France,2021,81.922744751
Gabon,2000,58.09779
Gabon,2010,62.16494
Gabon,2015,64.93317
Gabon,2019,66.46912
Gabon,2021,65.093811035
Gambia,2000,59.24446
Gambia,2010,62.42088
Gambia,2015,64.14439
Gambia,2019,65.4712
Gambia,2021,64.21396637
Georgia,2000,69.40902
Georgia,2010,71.87132
Georgia,2015,72.58078
Georgia,2019,73.2812
Georgia,2021,71.240386963
Germany,2000,78.09462
Germany,2010,80.16794
Germany,2015,80.42174
Germany,2019,81.72252
Germany,2021,80.491409302
Ghana,2000,59.2442
Ghana,2010,61.99749
Ghana,2015,64.5454
Ghana,2019,66.27741
Ghana,2021,66.101783752
Greece,2000,78.17218
Greece,2010,80.09935
Greece,2015,80.37633
Greece,2019,81.09948
Greece,2021,79.597846985
Grenada,2000,71.96758
Grenada,2010,71.96705
Grenada,2015,72.69942
Grenada,2019,72.88402
Grenada,2021,72.773223877
Guatemala,2000,66.78309
Guatemala,2010,69.3014
Guatemala,2015,70.94937
Guatemala,2019,72.01939
Guatemala,2021,68.695739746
Guinea,2000,54.25539
Guinea,2010,58.06684
Guinea,2015,58.81324
Guinea,2019,61.00587
Guinea,2021,61.262508392
Guinea-Bissau,2000,50.28384
Guinea-Bissau,2010,55.43303
Guinea-Bissau,2015,58.23238
Guinea-Bissau,2019,60.21801
Guinea-Bissau,2021,58.628017426
Guyana,2000,62.96075
Guyana,2010,64.77226
Guyana,2015,65.58898
Guyana,2019,65.6929
Guyana,2021,66.07775116
Haiti,2000,57.04974
Haiti,2010,31.2792
Haiti,2015,62.60823
Haiti,2019,64.05315
Haiti,2021,62.456386566
High-income economies,2000,77.62743
High-income economies,2010,79.82361
High-income economies,2015,80.32959
High-income economies,2019,80.86676
Honduras,2000,70.03738
Honduras,2010,71.14799
Honduras,2015,69.81947
Honduras,2019,71.93507
Honduras,2021,68.963096619
Hungary,2000,71.33797
Hungary,2010,74.576
Hungary,2015,75.56887
Hungary,2019,76.44219
Hungary,2021,74.395469666
Iceland,2000,79.70157
Iceland,2010,81.68404
Iceland,2015,82.13903
Iceland,2019,82.32826
Iceland,2021,82.577667236
India,2000,62.10872
India,2010,67.22851
India,2015,69.31467
India,2019,70.78756
India,2021,67.307807922
Indonesia,2000,67.17435
Indonesia,2010,69.25565
Indonesia,2015,70.60569
Indonesia,2019,71.30966
Indonesia,2021,68.261680603
Iran (Islamic Republic of),2000,72.56416
Iran (Islamic Republic of),2010,75.85632
Iran (Islamic Republic of),2015,76.66063
Iran (Islamic Republic of),2019,77.34517
Iran (Islamic Republic of),2021,74.710777283
Iraq,2000,68.77211
Iraq,2010,70.24248
Iraq,2015,70.29305
Iraq,2019,72.42317
Iraq,2021,71.466323853
Ireland,2000,76.41336
Ireland,2010,80.41316
Ireland,2015,81.1396
Ireland,2019,81.84092
Ireland,2021,81.601631165
Israel,2000,78.57471
Israel,2010,81.55505
Israel,2015,81.93443
Israel,2019,82.62151
Israel,2021,81.744644165
Italy,2000,79.36485
Italy,2010,81.89587
Italy,2015,82.20576
Italy,2019,82.97414
Italy,2021,82.197471619
Jamaica,2000,74.22007
Jamaica,2010,75.7666
Jamaica,2015,75.85057
Jamaica,2019,75.97828
Jamaica,2021,70.143943787
Japan,2000,81.12236
Japan,2010,82.68162
Japan,2015,83.61682
Japan,2019,84.26138
Japan,2021,84.460670471
Jordan,2000,72.64991
Jordan,2010,76.58584
Jordan,2015,77.8223
Jordan,2019,77.87197
Jordan,2021,75.649734497
Kazakhstan,2000,63.14555
Kazakhstan,2010,68.43288
Kazakhstan,2015,71.90915
Kazakhstan,2019,73.95099
Kazakhstan,2021,70.275123596
Kenya,2000,53.87265
Kenya,2010,61.17774
Kenya,2015,64.16978
Kenya,2019,66.08511
Kenya,2021,66.76222229
Kiribati,2000,55.7305
Kiribati,2010,58.0072
Kiribati,2015,58.19797
Kiribati,2019,59.41902
Kiribati,2021,60.873455048
Kuwait,2000,77.8641
Kuwait,2010,79.83041
Kuwait,2015,81.13089
Kuwait,2019,80.96625
Kuwait,2021,78.95211792
Kyrgyzstan,2000,65.9502
Kyrgyzstan,2010,69.17432
Kyrgyzstan,2015,71.59398
Kyrgyzstan,2019,74.18089
Kyrgyzstan,2021,72.185005188
Lao People's Democratic Republic,2000,58.40971
Lao People's Democratic Republic,2010,64.8849
Lao People's Democratic Republic,2015,67.07706
Lao People's Democratic Republic,2019,68.51331
Lao People's Democratic Republic,2021,68.231895447
Latvia,2000,70.17654
Latvia,2010,72.93502
Latvia,2015,74.79697
Latvia,2019,75.37604
Latvia,2021,73.202514648
Lebanon,2000,74.61004
Lebanon,2010,75.52657
Lebanon,2015,75.98468
Lebanon,2019,76.43958
Lebanon,2021,74.342071533
Lesotho,2000,47.82177
Lesotho,2010,47.37603
Lesotho,2015,47.66742
Lesotho,2019,50.74881
Lesotho,2021,51.479076386
Liberia,2000,53.77378
Liberia,2010,60.70386
Liberia,2015,61.16508
Liberia,2019,64.07872
Liberia,2021,63.457309723
Libya,2000,74.39559
Libya,2010,76.03725
Libya,2015,74.60217
Libya,2019,75.77909
Libya,2021,72.178436279
Lithuania,2000,72.03902
Lithuania,2010,73.14211
Lithuania,2015,74.37679
Lithuania,2019,75.99383
Lithuania,2021,74.133148193
Low-income economies,2000,53.78978
Low-income economies,2010,60.11687
Low-income economies,2015,63.16665
Low-income economies,2019,65.07745
Lower-middle-income economies,2000,62.1806
Lower-middle-income economies,2010,66.38567
Lower-middle-income economies,2015,68.21706
Lower-middle-income economies,2019,69.39185
Luxembourg,2000,78.2397
Luxembourg,2010,80.94445
Luxembourg,2015,82.30824
Luxembourg,2019,82.41467
Luxembourg,2021,82.780288696
Madagascar,2000,58.82296
Madagascar,2010,62.79004
Madagascar,2015,64.18649
Madagascar,2019,65.34995
Madagascar,2021,62.934253693
Malawi,2000,44.72838
Malawi,2010,56.79726
Malawi,2015,63.0444
Malawi,2019,65.62458
Malawi,2021,62.486526489
Malaysia,2000,72.79781
Malaysia,2010,74.25258
Malaysia,2015,74.95027
Malaysia,2019,74.718
Malaysia,2021,72.81010437
Maldives,2000,70.95687
Maldives,2010,76.99346
Maldives,2015,78.40925
Maldives,2019,79.59427
Maldives,2021,75.396644592
Mali,2000,52.63884
Mali,2010,59.04575
Mali,2015,60.88689
Mali,2019,62.79813
Mali,2021,61.673984528
Malta,2000,77.8685
Malta,2010,80.4485
Malta,2015,81.64819
Malta,2019,81.89443
Malta,2021,81.811935425
Mauritania,2000,61.96471
Mauritania,2010,65.59114
Mauritania,2015,67.40752
Mauritania,2019,68.37999
Mauritania,2021,68.868438721
Mauritius,2000,71.17201
Mauritius,2010,73.24183
Mauritius,2015,74.13624
Mauritius,2019,74.07175
Mauritius,2021,73.419670105
Mexico,2000,74.40966
Mexico,2010,75.1333
Mexico,2015,75.86538
Mexico,2019,76.01043
Mexico,2021,70.832588196
Micronesia (Federated States of),2000,61.19261
Micronesia (Federated States of),2010,62.66982
Micronesia (Federated States of),2015,62.74269
Micronesia (Federated States of),2019,63.02715
Micronesia (Federated States of),2021,65.709564209
Mongolia,2000,60.52023
Mongolia,2010,65.0518
Mongolia,2015,67.61475
Mongolia,2019,68.09768
Mongolia,2021,70.097953796
Montenegro,2000,73.56364
Montenegro,2010,74.68839
Montenegro,2015,75.27178
Montenegro,2019,75.87666
Montenegro,2021,74.709754944
Morocco,2000,69.34715
Morocco,2010,71.59913
Morocco,2015,72.46462
Morocco,2019,72.98804
Morocco,2021,72.618682861
Mozambique,2000,50.68681
Mozambique,2010,53.47655
Mozambique,2015,55.94504
Mozambique,2019,58.13618
Mozambique,2021,57.662025452
Myanmar,2000,59.994
Myanmar,2010,64.78619
Myanmar,2015,67.57671
Myanmar,2019,69.1335
Myanmar,2021,67.845809937
Namibia,2000,53.31758
Namibia,2010,60.93765
Namibia,2015,62.86888
Namibia,2019,64.57598
Namibia,2021,60.359947205
Nepal,2000,65.25922
Nepal,2010,69.18102
Nepal,2015,69.4259
Nepal,2019,70.88377
Nepal,2021,70.049369812
Netherlands (Kingdom of the),2000,78.01108
Netherlands (Kingdom of the),2010,80.68311
Netherlands (Kingdom of the),2015,81.28043
Netherlands (Kingdom of the),2019,81.79341
Netherlands (Kingdom of the),2021,81.124786377
New Zealand,2000,78.57108
New Zealand,2010,80.93715
New Zealand,2015,81.31198
New Zealand,2019,81.96268
New Zealand,2021,82.20149231
Nicaragua,2000,73.25869
Nicaragua,2010,74.05313
Nicaragua,2015,74.61766
Nicaragua,2019,75.03769
Nicaragua,2021,75.027961731
Niger,2000,50.35257
Niger,2010,58.95322
Niger,2015,61.53951
Niger,2019,63.28761
Niger,2021,59.97070694
Nigeria,2000,53.63285
Nigeria,2010,59.23747
Nigeria,2015,61.15609
Nigeria,2019,62.61868
Nigeria,2021,63.397499085
North Macedonia,2000,71.10777
North Macedonia,2010,73.10848
North Macedonia,2015,73.72823
North Macedonia,2019,74.8186
North Macedonia,2021,72.995353699
Norway,2000,78.53192
Norway,2010,80.8722
Norway,2015,82.00599
Norway,2019,82.61812
Norway,2021,82.881996155
Oman,2000,69.07159
Oman,2010,70.36497
Oman,2015,72.52431
Oman,2019,73.89786
Oman,2021,72.476768494
Pakistan,2000,60.0836
Pakistan,2010,62.64254
Pakistan,2015,64.18282
Pakistan,2019,65.60827
Pakistan,2021,65.990921021
Panama,2000,77.23182
Panama,2010,77.53473
Panama,2015,78.71516
Panama,2019,79.29353
Panama,2021,77.238700867
Papua New Guinea,2000,63.28541
Papua New Guinea,2010,63.42075
Papua New Guinea,2015,64.48792
Papua New Guinea,2019,65.30473
Papua New Guinea,2021,65.487861633
Paraguay,2000,74.79564
Paraguay,2010,74.98831
Paraguay,2015,75.56395
Paraguay,2019,75.80984
Paraguay,2021,70.270812988
Peru,2000,74.42262
Peru,2010,77.28428
Peru,2015,79.07546
Peru,2019,79.89777
Peru,2021,71.667266846
Philippines,2000,69.02835
Philippines,2010,69.96309
Philippines,2015,70.29715
Philippines,2019,70.42632
Philippines,2021,66.408340454
Poland,2000,73.70372
Poland,2010,76.25071
Poland,2015,77.2867
Poland,2019,78.26672
Poland,2021,75.402107239
Portugal,2000,76.58447
Portugal,2010,79.73194
Portugal,2015,80.88557
Portugal,2019,81.57421
Portugal,2021,81.179611206
Puerto Rico,2021,79.902946472
Qatar,2000,71.29387
Qatar,2010,74.07913
Qatar,2015,76.40804
Qatar,2019,77.17221
Qatar,2021,76.710136414
Republic of Korea,2000,76.21414
Republic of Korea,2010,80.58366
Republic of Korea,2015,82.20299
Republic of Korea,2019,83.3047
Republic of Korea,2021,83.799819946
Republic of Moldova,2000,66.87234
Republic of Moldova,2010,68.81108
Republic of Moldova,2015,71.13158
Republic of Moldova,2019,73.26277
Republic of Moldova,2021,69.557807922
Romania,2000,71.39459
Romania,2010,73.70329
Romania,2015,74.82143
Romania,2019,75.5658
Romania,2021,72.764312744
Russian Federation,2000,65.29212
Russian Federation,2010,68.76031
Russian Federation,2015,71.29893
Russian Federation,2019,73.23246
Russian Federation,2021,70.017333984
Rwanda,2000,47.50621
Rwanda,2010,64.43977
Rwanda,2015,67.68883
Rwanda,2019,69.10349
Rwanda,2021,67.542137146
Saint Lucia,2000,73.21431
Saint Lucia,2010,75.1967
Saint Lucia,2015,75.00793
Saint Lucia,2019,74.32764
Saint Lucia,2021,71.113044739
Saint Vincent and the Grenadines,2000,70.6085
Saint Vincent and the Grenadines,2010,72.85194
Saint Vincent and the Grenadines,2015,72.46788
Saint Vincent and the Grenadines,2019,73.21834
Saint Vincent and the Grenadines,2021,72.557090759
Samoa,2000,68.50683
Samoa,2010,69.56606
Samoa,2015,70.03727
Samoa,2019,70.45068
Samoa,2021,70.273719788
Sao Tome and Principe,2000,63.45224
Sao Tome and Principe,2010,68.24239
Sao Tome and Principe,2015,69.60426
Sao Tome and Principe,2019,70.41647
Sao Tome and Principe,2021,71.178108215
Saudi Arabia,2000,70.52375
Saudi Arabia,2010,71.75653
Saudi Arabia,2015,73.15216
Saudi Arabia,2019,74.31111
Saudi Arabia,2021,76.429214478
Senegal,2000,58.59945
Senegal,2010,65.47308
Senegal,2015,67.20235
Senegal,2019,68.57918
Senegal,2021,67.791984558
Serbia,2000,71.42738
Serbia,2010,74.20436
Serbia,2015,75.20887
Serbia,2019,75.87003
Serbia,2021,72.808914185
Seychelles,2000,71.86977
Seychelles,2010,73.01305
Seychelles,2015,73.19635
Seychelles,2019,73.34014
Seychelles,2021,74.011962891
Sierra Leone,2000,48.72966
Sierra Leone,2010,54.74398
Sierra Leone,2015,56.93931
Sierra Leone,2019,60.7705
Sierra Leone,2021,61.022865295
Singapore,2000,78.43803
Singapore,2010,81.70047
Singapore,2015,82.80753
Singapore,2019,83.22195
Singapore,2021,83.857086182
Slovakia,2000,73.30185
Slovakia,2010,75.46777
Slovakia,2015,77.01103
Slovakia,2019,78.23097
Slovakia,2021,74.509414673
Slovenia,2000,76.05003
Slovenia,2010,79.5501
Slovenia,2015,80.47
Slovenia,2019,81.30905
Slovenia,2021,80.414955139
Solomon Islands,2000,62.51012
Solomon Islands,2010,63.69107
Solomon Islands,2015,64.74374
Solomon Islands,2019,65.24883
Solomon Islands,2021,64.792457581
Somalia,2000,49.87339
Somalia,2010,51.97965
Somalia,2015,54.56641
Somalia,2019,56.46892
Somalia,2021,53.951438904
South Africa,2000,55.75228
South Africa,2010,57.14331
South Africa,2015,62.57465
South Africa,2019,65.25417
South Africa,2021,61.49918747
South Sudan,2000,54.1488
South Sudan,2010,61.09674
South Sudan,2015,61.98944
South Sudan,2019,62.79444
South Sudan,2021,58.573539734
South-East Asia,2000,63.35296
South-East Asia,2010,68.11418
South-East Asia,2015,70.19729
South-East Asia,2019,71.44355
South-East Asia,2021,68.366828919
Spain,2000,79.08088
Spain,2010,81.69273
Spain,2015,82.33084
Spain,2019,83.21875
Spain,2021,82.66267395
Sri Lanka,2000,71.89227
Sri Lanka,2010,73.30135
Sri Lanka,2015,76.26894
Sri Lanka,2019,76.86693
Sri Lanka,2021,77.22895813
Sudan,2000,62.46532
Sudan,2010,66.55967
Sudan,2015,67.93808
Sudan,2019,69.14727
Sudan,2021,67.585151672
Suriname,2000,69.94162
Suriname,2010,71.83333
Suriname,2015,72.60451
Suriname,2019,71.48003
Suriname,2021,69.784126282
Sweden,2000,79.57394
Sweden,2010,81.30297
Sweden,2015,81.74503
Sweden,2019,82.40387
Sweden,2021,82.664909363
Switzerland,2000,79.71678
Switzerland,2010,82.1935
Switzerland,2015,82.61449
Switzerland,2019,83.44616
Switzerland,2021,83.327957153
Syrian Arab Republic,2000,71.45632
Syrian Arab Republic,2010,74.34853
Syrian Arab Republic,2015,64.40233
Syrian Arab Republic,2019,72.67168
Syrian Arab Republic,2021,72.438034058
Tajikistan,2000,65.57712
Tajikistan,2010,68.00558
Tajikistan,2015,68.65755
Tajikistan,2019,69.50127
Tajikistan,2021,71.814880371
Thailand,2000,71.25484
Thailand,2010,76.25385
Thailand,2015,77.41125
Thailand,2019,77.6988
Thailand,2021,75.290145874
Timor-Leste,2000,62.66777
Timor-Leste,2010,68.06429
Timor-Leste,2015,68.86667
Timor-Leste,2019,69.62458
Timor-Leste,2021,67.996711731
Togo,2000,55.94736
Togo,2010,59.32759
Togo,2015,61.9192
Togo,2019,64.27029
Togo,2021,63.864612579
Tonga,2000,70.91869
Tonga,2010,72.22119
Tonga,2015,72.33002
Tonga,2019,72.57066
Tonga,2021,72.720878601
Trinidad and Tobago,2000,69.70364
Trinidad and Tobago,2010,72.1172
Trinidad and Tobago,2015,74.61483
Trinidad and Tobago,2019,76.12728
Trinidad and Tobago,2021,71.707122803
Tunisia,2000,74.11952
Tunisia,2010,76.0455
Tunisia,2015,76.69955
Tunisia,2019,77.03745
Tunisia,2021,74.06842804
Turkmenistan,2000,63.31976
Turkmenistan,2010,67.31309
Turkmenistan,2015,69.11091
Turkmenistan,2019,69.74881
Turkmenistan,2021,69.120491028
Türkiye,2000,74.41146
Türkiye,2010,76.893
Türkiye,2015,77.79037
Türkiye,2019,78.62457
Türkiye,2021,75.272392273
Uganda,2000,48.76083
Uganda,2010,59.66988
Uganda,2015,64.46594
Uganda,2019,66.69038
Uganda,2021,65.985778809
Ukraine,2000,67.52593
Ukraine,2010,70.1993
Ukraine,2015,72.2022
Ukraine,2019,73.01635
Ukraine,2021,70.906745911
United Arab Emirates,2000,73.18027
United Arab Emirates,2010,74.86285
United Arab Emirates,2015,75.31077
United Arab Emirates,2019,76.07952
United Arab Emirates,2021,78.30645752
United Kingdom of Great Britain and Northern Ireland,2000,77.85276
United Kingdom of Great Britain and Northern Ireland,2010,80.24544
United Kingdom of Great Britain and Northern Ireland,2015,80.65246
United Kingdom of Great Britain and Northern Ireland,2019,81.40353
United Kingdom of Great Britain and Northern Ireland,2021,80.100624085
United Republic of Tanzania,2000,52.4742
United Republic of Tanzania,2010,61.38839
United Republic of Tanzania,2015,65.3562
United Republic of Tanzania,2019,67.34418
United Republic of Tanzania,2021,66.810150147
United States of America,2000,76.6916
United States of America,2010,78.56299
United States of America,2015,78.55634
United States of America,2019,78.49568
United States of America,2021,76.373680115
Upper-middle-income economies,2000,70.63803
Upper-middle-income economies,2010,73.73109
Upper-middle-income economies,2015,75.43716
Upper-middle-income economies,2019,76.31361
Uruguay,2000,74.81694
Uruguay,2010,76.36115
Uruguay,2015,77.03117
Uruguay,2019,77.0994
Uruguay,2021,74.982955933
Uzbekistan,2000,65.26546
Uzbekistan,2010,70.18845
Uzbekistan,2015,71.44585
Uzbekistan,2019,73.00793
Uzbekistan,2021,72.188774109
Vanuatu,2000,63.90294
Vanuatu,2010,64.52286
Vanuatu,2015,64.63885
Vanuatu,2019,65.3064
Vanuatu,2021,66.348373413
Venezuela (Bolivarian Republic of),2000,74.08585
Venezuela (Bolivarian Republic of),2010,74.78663
Venezuela (Bolivarian Republic of),2015,74.65737
Venezuela (Bolivarian Republic of),2019,73.94636
Venezuela (Bolivarian Republic of),2021,71.220825195
Viet Nam,2000,71.44998
Viet Nam,2010,72.72223
Viet Nam,2015,73.16457
Viet Nam,2019,73.74126
Viet Nam,2021,73.796577454
Western Pacific,2000,72.42226
Western Pacific,2010,75.46465
Western Pacific,2015,76.98302
Western Pacific,2019,77.66329
Western Pacific,2021,77.418144226
World,2000,66.7943
World,2010,70.52787
World,2015,72.27778
World,2019,73.31331
World,2021,71.36869812
Yemen,2000,62.6944
Yemen,2010,67.70083
Yemen,2015,67.46812
Yemen,2019,66.63147
Yemen,2021,65.762069702
Zambia,2000,44.46076
Zambia,2010,56.67128
Zambia,2015,60.49665
Zambia,2019,62.4529
Zambia,2021,60.968841553
Zimbabwe,2000,46.57054
Zimbabwe,2010,51.49335
Zimbabwe,2015,58.47603
Zimbabwe,2019,60.68252
Zimbabwe,2021,58.481021881
"occupied Palestinian territory, including east Jerusalem",2021,73.491783142
