pays,année,idh calculé
Afghanistan,2000,
Afghanistan,2005,
Afghanistan,2010,
Afghanistan,2015,0.2231403366785783
Afghanistan,2020,0.2282597452750573
Africa Eastern and Southern,2000,
Africa Eastern and Southern,2005,
Africa Eastern and Southern,2010,
Africa Eastern and Southern,2015,
Africa Eastern and Southern,2020,
Africa Western and Central,2000,
Africa Western and Central,2005,
Africa Western and Central,2010,
Africa Western and Central,2015,
Africa Western and Central,2020,
Albania,2000,
Albania,2005,0.3141358968636928
Albania,2010,0.3328323629036928
Albania,2015,0.3486318190061129
Albania,2020,0.3492724919637044
Algeria,2000,
Algeria,2005,
Algeria,2010,
Algeria,2015,0.293266666285197
Algeria,2020,0.2835128201313507
American Samoa,2000,
American Samoa,2005,
American Samoa,2010,
American Samoa,2015,
American Samoa,2020,
Andorra,2000,
Andorra,2005,0.417217950752454
Andorra,2010,0.4268653848696978
Andorra,2015,0.4389999938964843
Andorra,2020,0.4124576884929949
Angola,2000,
Angola,2005,
Angola,2010,
Angola,2015,0.2215987820111788
Angola,2020,0.2332074677809691
Antigua and Barbuda,2000,
Antigua and Barbuda,2005,
Antigua and Barbuda,2010,
Antigua and Barbuda,2015,
Antigua and Barbuda,2020,
Arab World,2000,
Arab World,2005,
Arab World,2010,
Arab World,2015,
Arab World,2020,
Argentina,2000,
Argentina,2005,0.3245025644840339
Argentina,2010,0.326805128586598
Argentina,2015,0.3315230773045467
Argentina,2020,0.3278205132019826
Armenia,2000,
Armenia,2005,
Armenia,2010,0.4273748010154661
Armenia,2015,0.439121700045912
Armenia,2020,0.4181210746550427
Aruba,2000,0.3261487166771522
Aruba,2005,0.328589742318178
Aruba,2010,0.3211794861622345
Aruba,2015,0.3268615374442858
Aruba,2020,0.326866665649414
Australia,2000,
Australia,2005,0.4176408398039566
Australia,2010,0.4413519130370406
Australia,2015,0.4548333358764651
Australia,2020,0.4789358999790291
Austria,2000,
Austria,2005,0.3574651658557371
Austria,2010,0.3690691697560231
Austria,2015,0.4035627902605296
Austria,2020,0.4142366775741721
Azerbaijan,2000,
Azerbaijan,2005,
Azerbaijan,2010,0.3420948702689927
Azerbaijan,2015,0.3531564097477839
Azerbaijan,2020,0.3427702560033554
"Bahamas, The",2000,
"Bahamas, The",2005,
"Bahamas, The",2010,0.3503974338629305
"Bahamas, The",2015,0.3522230748885717
"Bahamas, The",2020,0.3474033663529616
Bahrain,2000,
Bahrain,2005,0.3251871796143362
Bahrain,2010,0.3647102579361354
Bahrain,2015,0.3736589758848533
Bahrain,2020,0.3651717963976739
Bangladesh,2000,
Bangladesh,2005,
Bangladesh,2010,
Bangladesh,2015,0.2877615374442859
Bangladesh,2020,0.2947774358211419
Barbados,2000,
Barbados,2005,
Barbados,2010,
Barbados,2015,0.3339955681042795
Barbados,2020,0.341376393645849
Belarus,2000,
Belarus,2005,
Belarus,2010,0.4297532243233609
Belarus,2015,0.4462635432727045
Belarus,2020,0.3698986298661893
Belgium,2000,
Belgium,2005,
Belgium,2010,0.4086303939962477
Belgium,2015,0.4196496606126587
Belgium,2020,0.4355235965196755
Belize,2000,
Belize,2005,
Belize,2010,
Belize,2015,0.3221418843978489
Belize,2020,0.3344128182240022
Benin,2000,
Benin,2005,0.2007282054143074
Benin,2010,0.2040564105425125
Benin,2015,0.2110973595558068
Benin,2020,0.2194701616317798
Bermuda,2000,0.3905897418095516
Bermuda,2005,0.3937846136044234
Bermuda,2010,0.4292205148550181
Bermuda,2015,0.4339589763934796
Bermuda,2020,0.4454423109983787
Bhutan,2000,
Bhutan,2005,
Bhutan,2010,
Bhutan,2015,0.2756641031998854
Bhutan,2020,0.2925474358974358
Bolivia,2000,
Bolivia,2005,0.2735076920533793
Bolivia,2010,0.301171154990563
Bolivia,2015,0.3308102592077011
Bolivia,2020,0.3249641010382235
Bosnia and Herzegovina,2000,
Bosnia and Herzegovina,2005,
Bosnia and Herzegovina,2010,0.3221871779613006
Bosnia and Herzegovina,2015,0.3277487194745969
Bosnia and Herzegovina,2020,0.331117948336479
Botswana,2000,
Botswana,2005,
Botswana,2010,
Botswana,2015,
Botswana,2020,0.3416730130904759
Brazil,2000,
Brazil,2005,0.2928384603940523
Brazil,2010,0.3134564108921933
Brazil,2015,0.327794873193594
Brazil,2020,0.3305012831003237
British Virgin Islands,2000,
British Virgin Islands,2005,
British Virgin Islands,2010,
British Virgin Islands,2015,
British Virgin Islands,2020,
Brunei Darussalam,2000,
Brunei Darussalam,2005,
Brunei Darussalam,2010,
Brunei Darussalam,2015,0.338794245010767
Brunei Darussalam,2020,0.3495523314060307
Bulgaria,2000,
Bulgaria,2005,
Bulgaria,2010,
Bulgaria,2015,
Bulgaria,2020,0.3574023921971324
Burkina Faso,2000,
Burkina Faso,2005,
Burkina Faso,2010,0.1897243590329702
Burkina Faso,2015,0.200536538490844
Burkina Faso,2020,0.2149147436418976
Burundi,2000,
Burundi,2005,
Burundi,2010,0.2003282050010485
Burundi,2015,0.2129935897197479
Burundi,2020,0.2246942307334679
Cabo Verde,2000,
Cabo Verde,2005,
Cabo Verde,2010,
Cabo Verde,2015,0.3099820528079302
Cabo Verde,2020,0.3085564117822891
Cambodia,2000,
Cambodia,2005,
Cambodia,2010,0.2513236389331328
Cambodia,2015,0.2716230761601374
Cambodia,2020,0.2775972978102855
Cameroon,2000,
Cameroon,2005,
Cameroon,2010,0.1943641027548374
Cameroon,2015,0.2178291024281428
Cameroon,2020,0.2280188460178864
Canada,2000,
Canada,2005,0.4425368314531912
Canada,2010,0.505551973353631
Canada,2015,0.5199969058200823
Canada,2020,0.5333169048755448
Caribbean small states,2000,
Caribbean small states,2005,
Caribbean small states,2010,
Caribbean small states,2015,
Caribbean small states,2020,
Cayman Islands,2000,
Cayman Islands,2005,
Cayman Islands,2010,0.3898666660308838
Cayman Islands,2015,0.4252794810759715
Cayman Islands,2020,0.4309769169734074
Central African Republic,2000,
Central African Republic,2005,
Central African Republic,2010,
Central African Republic,2015,
Central African Republic,2020,
Central Europe and the Baltics,2000,
Central Europe and the Baltics,2005,
Central Europe and the Baltics,2010,
Central Europe and the Baltics,2015,
Central Europe and the Baltics,2020,
Chad,2000,
Chad,2005,0.1587333334287007
Chad,2010,0.1625782052712562
Chad,2015,0.168798718091769
Chad,2020,0.1793553499570259
Channel Islands,2000,
Channel Islands,2005,
Channel Islands,2010,
Channel Islands,2015,
Channel Islands,2020,
Chile,2000,
Chile,2005,0.3436564097477839
Chile,2010,0.3633179484636357
Chile,2015,0.3737666648864746
Chile,2020,0.3681378160329965
China,2000,
China,2005,
China,2010,0.3148435911423121
China,2015,0.3215461552448762
China,2020,0.3512666694641113
Colombia,2000,
Colombia,2005,0.3255282055096748
Colombia,2010,0.333682052299304
Colombia,2015,0.3525897451156226
Colombia,2020,0.3559384645902192
Comoros,2000,
Comoros,2005,
Comoros,2010,
Comoros,2015,0.2472197546005249
Comoros,2020,0.253799241780012
"Congo, Dem. Rep.",2000,
"Congo, Dem. Rep.",2005,
"Congo, Dem. Rep.",2010,
"Congo, Dem. Rep.",2015,0.2205806826102428
"Congo, Dem. Rep.",2020,0.2311416826639419
"Congo, Rep.",2000,
"Congo, Rep.",2005,
"Congo, Rep.",2010,
"Congo, Rep.",2015,
"Congo, Rep.",2020,
Costa Rica,2000,
Costa Rica,2005,
Costa Rica,2010,0.3710794879424265
Costa Rica,2015,0.3828128200041941
Costa Rica,2020,0.3805820543338089
Cote d'Ivoire,2000,
Cote d'Ivoire,2005,
Cote d'Ivoire,2010,
Cote d'Ivoire,2015,0.2110582264252198
Cote d'Ivoire,2020,0.22192906553623
Croatia,2000,
Croatia,2005,0.3298391495955746
Croatia,2010,0.3452955376826056
Croatia,2015,0.3622504399402804
Croatia,2020,0.3715254095243317
Cuba,2000,
Cuba,2005,0.3262769219325139
Cuba,2010,0.3279999988555909
Cuba,2015,0.3368615377621773
Cuba,2020,0.335128204428844
Curacao,2000,
Curacao,2005,
Curacao,2010,
Curacao,2015,
Curacao,2020,0.4496620225955279
Cyprus,2000,
Cyprus,2005,0.3865461518116485
Cyprus,2010,0.4138999979654947
Cyprus,2015,0.4313000061035157
Cyprus,2020,0.4427666702270507
Czechia,2000,
Czechia,2005,
Czechia,2010,0.3455840522785203
Czechia,2015,0.365500252445166
Czechia,2020,0.3701829295370117
Denmark,2000,0.3559855519450405
Denmark,2005,0.3907798410590202
Denmark,2010,0.4053769248571151
Denmark,2015,0.426327886837881
Denmark,2020,0.4417099493097114
Djibouti,2000,
Djibouti,2005,
Djibouti,2010,
Djibouti,2015,
Djibouti,2020,0.2502144559224447
Dominica,2000,
Dominica,2005,
Dominica,2010,
Dominica,2015,
Dominica,2020,
Dominican Republic,2000,
Dominican Republic,2005,
Dominican Republic,2010,0.3028333332061766
Dominican Republic,2015,0.3129692311507004
Dominican Republic,2020,0.312791211720002
Early-demographic dividend,2000,
Early-demographic dividend,2005,
Early-demographic dividend,2010,
Early-demographic dividend,2015,
Early-demographic dividend,2020,
East Asia & Pacific,2000,
East Asia & Pacific,2005,
East Asia & Pacific,2010,
East Asia & Pacific,2015,
East Asia & Pacific,2020,
East Asia & Pacific (IDA & IBRD countries),2000,
East Asia & Pacific (IDA & IBRD countries),2005,
East Asia & Pacific (IDA & IBRD countries),2010,
East Asia & Pacific (IDA & IBRD countries),2015,
East Asia & Pacific (IDA & IBRD countries),2020,
East Asia & Pacific (excluding high income),2000,
East Asia & Pacific (excluding high income),2005,
East Asia & Pacific (excluding high income),2010,
East Asia & Pacific (excluding high income),2015,
East Asia & Pacific (excluding high income),2020,
Ecuador,2000,
Ecuador,2005,
Ecuador,2010,
Ecuador,2015,
Ecuador,2020,
"Egypt, Arab Rep.",2000,
"Egypt, Arab Rep.",2005,
"Egypt, Arab Rep.",2010,0.2994471759209267
"Egypt, Arab Rep.",2015,0.3062551545363208
"Egypt, Arab Rep.",2020,0.311163252512614
El Salvador,2000,
El Salvador,2005,
El Salvador,2010,0.283671795571156
El Salvador,2015,0.2932673079943045
El Salvador,2020,0.2906282062726142
Equatorial Guinea,2000,
Equatorial Guinea,2005,
Equatorial Guinea,2010,
Equatorial Guinea,2015,
Equatorial Guinea,2020,
Eritrea,2000,
Eritrea,2005,
Eritrea,2010,
Eritrea,2015,
Eritrea,2020,
Estonia,2000,0.3523824252450072
Estonia,2005,0.3634143201793409
Estonia,2010,0.3976859871755174
Estonia,2015,0.4206679123621421
Estonia,2020,0.4321544715447154
Eswatini,2000,
Eswatini,2005,
Eswatini,2010,
Eswatini,2015,
Eswatini,2020,0.2465757436605601
Ethiopia,2000,
Ethiopia,2005,
Ethiopia,2010,0.2053025641025641
Ethiopia,2015,0.2267099649902082
Ethiopia,2020,0.2388997085799518
Euro area,2000,
Euro area,2005,
Euro area,2010,
Euro area,2015,
Euro area,2020,
Europe & Central Asia,2000,
Europe & Central Asia,2005,
Europe & Central Asia,2010,
Europe & Central Asia,2015,
Europe & Central Asia,2020,
Europe & Central Asia (IDA & IBRD countries),2000,
Europe & Central Asia (IDA & IBRD countries),2005,
Europe & Central Asia (IDA & IBRD countries),2010,
Europe & Central Asia (IDA & IBRD countries),2015,
Europe & Central Asia (IDA & IBRD countries),2020,
Europe & Central Asia (excluding high income),2000,
Europe & Central Asia (excluding high income),2005,
Europe & Central Asia (excluding high income),2010,
Europe & Central Asia (excluding high income),2015,
Europe & Central Asia (excluding high income),2020,
European Union,2000,
European Union,2005,
European Union,2010,
European Union,2015,
European Union,2020,
Faroe Islands,2000,
Faroe Islands,2005,
Faroe Islands,2010,
Faroe Islands,2015,
Faroe Islands,2020,
Fiji,2000,0.2654923074379945
Fiji,2005,0.2644102561559432
Fiji,2010,0.2747038467260507
Fiji,2015,0.2848009219780947
Fiji,2020,0.2830367614012498
Finland,2000,
Finland,2005,0.4000926859785869
Finland,2010,0.4141293969312409
Finland,2015,0.4297845477592656
Finland,2020,0.4573531123024739
Fragile and conflict affected situations,2000,
Fragile and conflict affected situations,2005,
Fragile and conflict affected situations,2010,
Fragile and conflict affected situations,2015,
Fragile and conflict affected situations,2020,
France,2000,
France,2005,0.3769970011755849
France,2010,0.3976559735000542
France,2015,0.4208997478091469
France,2020,0.4313024490337362
French Polynesia,2000,
French Polynesia,2005,
French Polynesia,2010,0.3718102548843774
French Polynesia,2015,0.3779538446279671
French Polynesia,2020,0.3785692292433518
Gabon,2000,
Gabon,2005,
Gabon,2010,
Gabon,2015,
Gabon,2020,
"Gambia, The",2000,
"Gambia, The",2005,
"Gambia, The",2010,
"Gambia, The",2015,0.2453641025641025
"Gambia, The",2020,0.2527753448755313
Georgia,2000,
Georgia,2005,0.346143591778095
Georgia,2010,0.2652923076923076
Georgia,2015,0.3885634026943109
Georgia,2020,0.3849547752184745
Germany,2000,
Germany,2005,0.3757805493267125
Germany,2010,0.3885297701312575
Germany,2015,0.3957485313487096
Germany,2020,0.4093664777778404
Ghana,2000,
Ghana,2005,
Ghana,2010,0.2222128208942902
Ghana,2015,0.2505864884303166
Ghana,2020,0.2555038456256573
Gibraltar,2000,
Gibraltar,2005,
Gibraltar,2010,
Gibraltar,2015,
Gibraltar,2020,
Greece,2000,
Greece,2005,
Greece,2010,0.3764477196121454
Greece,2015,0.3920414603628767
Greece,2020,0.4036631001585198
Greenland,2000,
Greenland,2005,
Greenland,2010,
Greenland,2015,
Greenland,2020,
Grenada,2000,
Grenada,2005,
Grenada,2010,
Grenada,2015,
Grenada,2020,0.3366044496585163
Guam,2000,
Guam,2005,
Guam,2010,
Guam,2015,
Guam,2020,
Guatemala,2000,
Guatemala,2005,0.2590769226954533
Guatemala,2010,0.2672349803142058
Guatemala,2015,0.274840791628911
Guatemala,2020,0.2701663326459053
Guinea,2000,
Guinea,2005,
Guinea,2010,
Guinea,2015,
Guinea,2020,0.2934803322034005
Guinea-Bissau,2000,
Guinea-Bissau,2005,
Guinea-Bissau,2010,
Guinea-Bissau,2015,
Guinea-Bissau,2020,0.226509046336932
Guyana,2000,
Guyana,2005,0.2283179487278828
Guyana,2010,0.2376102564201904
Guyana,2015,0.2453794871894212
Guyana,2020,0.2582110709573978
Haiti,2000,
Haiti,2005,
Haiti,2010,
Haiti,2015,0.2528249162233792
Haiti,2020,0.2556403008387639
Heavily indebted poor countries (HIPC),2000,
Heavily indebted poor countries (HIPC),2005,
Heavily indebted poor countries (HIPC),2010,
Heavily indebted poor countries (HIPC),2015,
Heavily indebted poor countries (HIPC),2020,
High income,2000,
High income,2005,
High income,2010,
High income,2015,
High income,2020,
Honduras,2000,
Honduras,2005,
Honduras,2010,0.2707031638561151
Honduras,2015,0.2954282053825183
Honduras,2020,0.2916306441331521
"Hong Kong SAR, China",2000,
"Hong Kong SAR, China",2005,
"Hong Kong SAR, China",2010,0.3802259506693182
"Hong Kong SAR, China",2015,0.4019342698937584
"Hong Kong SAR, China",2020,0.4127177302042643
Hungary,2000,
Hungary,2005,0.3189604113592515
Hungary,2010,0.341286240637936
Hungary,2015,0.3571989370898356
Hungary,2020,0.3675359599749845
IBRD only,2000,
IBRD only,2005,
IBRD only,2010,
IBRD only,2015,
IBRD only,2020,
IDA & IBRD total,2000,
IDA & IBRD total,2005,
IDA & IBRD total,2010,
IDA & IBRD total,2015,
IDA & IBRD total,2020,
IDA blend,2000,
IDA blend,2005,
IDA blend,2010,
IDA blend,2015,
IDA blend,2020,
IDA only,2000,
IDA only,2005,
IDA only,2010,
IDA only,2015,
IDA only,2020,
IDA total,2000,
IDA total,2005,
IDA total,2010,
IDA total,2015,
IDA total,2020,
Iceland,2000,
Iceland,2005,0.411797123456314
Iceland,2010,0.4189953882147025
Iceland,2015,0.4412346945948118
Iceland,2020,0.4525021248030763
India,2000,
India,2005,
India,2010,0.2686115683628963
India,2015,0.2827702532515566
India,2020,0.2870266635079669
Indonesia,2000,
Indonesia,2005,
Indonesia,2010,0.2725847456467458
Indonesia,2015,0.2847820512820513
Indonesia,2020,0.2871102555201604
"Iran, Islamic Rep.",2000,
"Iran, Islamic Rep.",2005,
"Iran, Islamic Rep.",2010,0.340689745878562
"Iran, Islamic Rep.",2015,0.312394972982162
"Iran, Islamic Rep.",2020,0.3493066152719352
Iraq,2000,
Iraq,2005,
Iraq,2010,
Iraq,2015,0.299640058991848
Iraq,2020,0.2979682641200531
Ireland,2000,
Ireland,2005,
Ireland,2010,0.4253774058214942
Ireland,2015,0.445459492285599
Ireland,2020,0.4658034395858448
Isle of Man,2000,
Isle of Man,2005,
Isle of Man,2010,
Isle of Man,2015,
Isle of Man,2020,
Israel,2000,
Israel,2005,0.4025011226518069
Israel,2010,0.4600766103814888
Israel,2015,0.4751113810965683
Israel,2020,0.4429650979104678
Italy,2000,
Italy,2005,0.3452406518052264
Italy,2010,0.3585696689243091
Italy,2015,0.3685712958306651
Italy,2020,0.3741826756556679
Jamaica,2000,
Jamaica,2005,
Jamaica,2010,0.309116484099168
Jamaica,2015,0.3177347955165766
Jamaica,2020,0.3203878649784968
Japan,2000,
Japan,2005,
Japan,2010,0.4369368406084645
Japan,2015,0.4418148893889522
Japan,2020,0.4457435948298527
Jordan,2000,
Jordan,2005,0.2763769229656611
Jordan,2010,0.3298153856326373
Jordan,2015,0.3362923087095603
Jordan,2020,0.360674360754551
Kazakhstan,2000,
Kazakhstan,2005,
Kazakhstan,2010,0.4220717984321789
Kazakhstan,2015,0.4413897471501276
Kazakhstan,2020,0.4730218027555025
Kenya,2000,
Kenya,2005,
Kenya,2010,0.2170871797097034
Kenya,2015,0.2240820515045753
Kenya,2020,0.2254203180989648
Kiribati,2000,
Kiribati,2005,
Kiribati,2010,
Kiribati,2015,0.2431618489045363
Kiribati,2020,0.2484808693421192
"Korea, Dem. People's Rep.",2000,
"Korea, Dem. People's Rep.",2005,
"Korea, Dem. People's Rep.",2010,
"Korea, Dem. People's Rep.",2015,
"Korea, Dem. People's Rep.",2020,
"Korea, Rep.",2000,0.3668833620597453
"Korea, Rep.",2005,0.4035989373441484
"Korea, Rep.",2010,0.4260260152429099
"Korea, Rep.",2015,0.452407126912778
"Korea, Rep.",2020,0.4801110288513834
Kosovo,2000,
Kosovo,2005,
Kosovo,2010,
Kosovo,2015,
Kosovo,2020,
Kuwait,2000,
Kuwait,2005,0.3363193878798875
Kuwait,2010,0.3399152281405106
Kuwait,2015,0.3545618526828524
Kuwait,2020,0.3579161143228364
Kyrgyz Republic,2000,0.2985848026204067
Kyrgyz Republic,2005,0.2954953717260975
Kyrgyz Republic,2010,0.3069705140285003
Kyrgyz Republic,2015,0.3285443484537149
Kyrgyz Republic,2020,0.3362610840186095
Lao PDR,2000,
Lao PDR,2005,
Lao PDR,2010,0.2521378712287316
Lao PDR,2015,0.2675122302030905
Lao PDR,2020,0.2742660723661764
Late-demographic dividend,2000,
Late-demographic dividend,2005,
Late-demographic dividend,2010,
Late-demographic dividend,2015,
Late-demographic dividend,2020,
Latin America & Caribbean,2000,
Latin America & Caribbean,2005,
Latin America & Caribbean,2010,
Latin America & Caribbean,2015,
Latin America & Caribbean,2020,
Latin America & Caribbean (excluding high income),2000,
Latin America & Caribbean (excluding high income),2005,
Latin America & Caribbean (excluding high income),2010,
Latin America & Caribbean (excluding high income),2015,
Latin America & Caribbean (excluding high income),2020,
Latin America & the Caribbean (IDA & IBRD countries),2000,
Latin America & the Caribbean (IDA & IBRD countries),2005,
Latin America & the Caribbean (IDA & IBRD countries),2010,
Latin America & the Caribbean (IDA & IBRD countries),2015,
Latin America & the Caribbean (IDA & IBRD countries),2020,
Latvia,2000,
Latvia,2005,0.3296312667460199
Latvia,2010,0.35843808630394
Latvia,2015,0.3786204518073051
Latvia,2020,0.4024890155565593
Least developed countries: UN classification,2000,
Least developed countries: UN classification,2005,
Least developed countries: UN classification,2010,
Least developed countries: UN classification,2015,
Least developed countries: UN classification,2020,
Lebanon,2000,
Lebanon,2005,
Lebanon,2010,0.3462205116761034
Lebanon,2015,0.3500461527017445
Lebanon,2020,0.3754016664651725
Lesotho,2000,
Lesotho,2005,
Lesotho,2010,0.1392974357941212
Lesotho,2015,0.1689641024607878
Lesotho,2020,0.1930145152113376
Liberia,2000,
Liberia,2005,
Liberia,2010,0.2118832330605922
Liberia,2015,0.2154279925786531
Liberia,2020,0.2277534342847319
Libya,2000,
Libya,2005,
Libya,2010,
Libya,2015,
Libya,2020,
Liechtenstein,2000,
Liechtenstein,2005,
Liechtenstein,2010,
Liechtenstein,2015,
Liechtenstein,2020,
Lithuania,2000,
Lithuania,2005,0.3382059432477638
Lithuania,2010,0.3667373973567309
Lithuania,2015,0.3757157752303648
Lithuania,2020,0.3960030925584528
Low & middle income,2000,
Low & middle income,2005,
Low & middle income,2010,
Low & middle income,2015,
Low & middle income,2020,
Low income,2000,
Low income,2005,
Low income,2010,
Low income,2015,
Low income,2020,
Lower middle income,2000,
Lower middle income,2005,
Lower middle income,2010,
Lower middle income,2015,
Lower middle income,2020,
Luxembourg,2000,
Luxembourg,2005,0.3631446536710072
Luxembourg,2010,0.4214984929583981
Luxembourg,2015,0.4337163186326784
Luxembourg,2020,0.4597080643673552
"Macao SAR, China",2000,
"Macao SAR, China",2005,0.3482049410964936
"Macao SAR, China",2010,0.3571329269564248
"Macao SAR, China",2015,0.3928038160587713
"Macao SAR, China",2020,0.4029227971016726
Madagascar,2000,
Madagascar,2005,
Madagascar,2010,
Madagascar,2015,0.2426222993752895
Madagascar,2020,0.2369816625717359
Malawi,2000,0.1358384615702507
Malawi,2005,0.1681410256728147
Malawi,2010,0.1954128205446096
Malawi,2015,0.2221872232054034
Malawi,2020,0.2385802569315983
Malaysia,2000,0.2981871792328663
Malaysia,2005,0.3065871792328663
Malaysia,2010,0.3117461535918407
Malaysia,2015,0.3112948715405586
Malaysia,2020,0.3755363764249362
Maldives,2000,
Maldives,2005,
Maldives,2010,0.2968564102881993
Maldives,2015,0.3058058380811642
Maldives,2020,0.3245017484746427
Mali,2000,
Mali,2005,
Mali,2010,
Mali,2015,0.2039461540050995
Mali,2020,0.2071717944903251
Malta,2000,0.308024515671757
Malta,2005,0.340069230642074
Malta,2010,0.3555926212778386
Malta,2015,0.3722233913987032
Malta,2020,0.4029156978194457
Marshall Islands,2000,
Marshall Islands,2005,
Marshall Islands,2010,
Marshall Islands,2015,
Marshall Islands,2020,0.2903154153677135
Mauritania,2000,
Mauritania,2005,
Mauritania,2010,
Mauritania,2015,0.2503827141394982
Mauritania,2020,0.2533625364417703
Mauritius,2000,0.2737405882170975
Mauritius,2005,0.2776830522571226
Mauritius,2010,0.2903658467919621
Mauritius,2015,0.3226275048044189
Mauritius,2020,0.3307575513256424
Mexico,2000,0.2996487170586219
Mexico,2005,0.3153769219325137
Mexico,2010,0.3235435899979027
Mexico,2015,0.3333666681925456
Mexico,2020,0.3212794887053662
"Micronesia, Fed. Sts.",2000,
"Micronesia, Fed. Sts.",2005,
"Micronesia, Fed. Sts.",2010,
"Micronesia, Fed. Sts.",2015,0.3136163851224459
"Micronesia, Fed. Sts.",2020,0.3165497184557792
Middle East & North Africa,2000,
Middle East & North Africa,2005,
Middle East & North Africa,2010,
Middle East & North Africa,2015,
Middle East & North Africa,2020,
Middle East & North Africa (IDA & IBRD countries),2000,
Middle East & North Africa (IDA & IBRD countries),2005,
Middle East & North Africa (IDA & IBRD countries),2010,
Middle East & North Africa (IDA & IBRD countries),2015,
Middle East & North Africa (IDA & IBRD countries),2020,
Middle East & North Africa (excluding high income),2000,
Middle East & North Africa (excluding high income),2005,
Middle East & North Africa (excluding high income),2010,
Middle East & North Africa (excluding high income),2015,
Middle East & North Africa (excluding high income),2020,
Middle income,2000,
Middle income,2005,
Middle income,2010,
Middle income,2015,
Middle income,2020,
Moldova,2000,
Moldova,2005,
Moldova,2010,0.3613410258953387
Moldova,2015,0.3672487169314652
Moldova,2020,0.3701692251743414
Monaco,2000,
Monaco,2005,
Monaco,2010,
Monaco,2015,
Monaco,2020,0.5102246093749999
Mongolia,2000,
Mongolia,2005,
Mongolia,2010,
Mongolia,2015,0.357598815870255
Mongolia,2020,0.3771616686259753
Montenegro,2000,
Montenegro,2005,0.3283021874693202
Montenegro,2010,0.3385961211778879
Montenegro,2015,0.3626602246330411
Montenegro,2020,0.3657168834965404
Morocco,2000,
Morocco,2005,
Morocco,2010,
Morocco,2015,0.2836327323864668
Morocco,2020,0.2848583734121078
Mozambique,2000,
Mozambique,2005,
Mozambique,2010,0.1846923076923076
Mozambique,2015,0.2045512818605471
Mozambique,2020,0.2290897442255264
Myanmar,2000,
Myanmar,2005,
Myanmar,2010,
Myanmar,2015,0.2328311485496851
Myanmar,2020,0.3353885445814867
Namibia,2000,
Namibia,2005,0.1746256408666953
Namibia,2010,0.2125977023100241
Namibia,2015,0.2292620667518713
Namibia,2020,0.2608876623514372
Nauru,2000,
Nauru,2005,
Nauru,2010,
Nauru,2015,0.2158004616932991
Nauru,2020,0.2190312309240683
Nepal,2000,
Nepal,2005,
Nepal,2010,
Nepal,2015,0.2581435895528548
Nepal,2020,0.269123680620927
Netherlands,2000,
Netherlands,2005,0.3914402098354507
Netherlands,2010,0.4073612247488509
Netherlands,2015,0.4186346436024012
Netherlands,2020,0.4370591660452457
New Caledonia,2000,
New Caledonia,2005,
New Caledonia,2010,
New Caledonia,2015,0.2933641025641025
New Caledonia,2020,0.2925589743589744
New Zealand,2000,
New Zealand,2005,0.3891293303231434
New Zealand,2010,0.4038160402585447
New Zealand,2015,0.4167945590994374
New Zealand,2020,0.4413953700730619
Nicaragua,2000,
Nicaragua,2005,
Nicaragua,2010,
Nicaragua,2015,0.3022831321325057
Nicaragua,2020,0.2913446705940442
Niger,2000,
Niger,2005,
Niger,2010,
Niger,2015,0.2039088361996871
Niger,2020,0.2091324250636956
Nigeria,2000,
Nigeria,2005,
Nigeria,2010,0.2184230781946425
Nigeria,2015,0.2216230781946425
Nigeria,2020,0.2224199969397651
North America,2000,
North America,2005,
North America,2010,
North America,2015,
North America,2020,
North Macedonia,2000,
North Macedonia,2005,
North Macedonia,2010,0.3317849538145847
North Macedonia,2015,0.3446066783143998
North Macedonia,2020,0.3521493402878294
Northern Mariana Islands,2000,
Northern Mariana Islands,2005,
Northern Mariana Islands,2010,
Northern Mariana Islands,2015,
Northern Mariana Islands,2020,
Norway,2000,
Norway,2005,0.399838273666888
Norway,2010,0.4167413393537131
Norway,2015,0.4412455299811635
Norway,2020,0.4663331144761116
Not classified,2000,
Not classified,2005,
Not classified,2010,
Not classified,2015,
Not classified,2020,
OECD members,2000,
OECD members,2005,
OECD members,2010,
OECD members,2015,
OECD members,2020,
Oman,2000,
Oman,2005,0.3135102561559432
Oman,2010,0.3321846148124108
Oman,2015,0.3432717942995902
Oman,2020,0.3732871822846241
Other small states,2000,
Other small states,2005,
Other small states,2010,
Other small states,2015,
Other small states,2020,
Pacific island small states,2000,
Pacific island small states,2005,
Pacific island small states,2010,
Pacific island small states,2015,
Pacific island small states,2020,
Pakistan,2000,
Pakistan,2005,
Pakistan,2010,
Pakistan,2015,0.2609409501784888
Pakistan,2020,0.2747751695730747
Palau,2000,
Palau,2005,
Palau,2010,
Palau,2015,0.3860735957805928
Palau,2020,0.3518984831981167
Panama,2000,0.3088999993642169
Panama,2005,0.3177051275693451
Panama,2010,0.3605179507524541
Panama,2015,0.3564470743912917
Panama,2020,0.3443141153775728
Papua New Guinea,2000,
Papua New Guinea,2005,
Papua New Guinea,2010,
Papua New Guinea,2015,
Papua New Guinea,2020,
Paraguay,2000,
Paraguay,2005,0.2781974366603753
Paraguay,2010,0.2942789747213706
Paraguay,2015,0.3225230784489559
Paraguay,2020,0.323458975376227
Peru,2000,
Peru,2005,0.3201384597582695
Peru,2010,0.3407769258743677
Peru,2015,0.3554051254076835
Peru,2020,0.3473782034751695
Philippines,2000,0.2737717937273857
Philippines,2005,0.2770230757786677
Philippines,2010,0.3399820543338089
Philippines,2015,0.3425564120366022
Philippines,2020,0.3702410256410256
Poland,2000,
Poland,2005,0.3232595993683739
Poland,2010,0.3561427749552674
Poland,2015,0.3761533920641164
Poland,2020,0.3833641018011632
Portugal,2000,0.3130596629882919
Portugal,2005,0.3326319568376379
Portugal,2010,0.3449016880467208
Portugal,2015,0.374058412524445
Portugal,2020,0.3896757322911395
Post-demographic dividend,2000,
Post-demographic dividend,2005,
Post-demographic dividend,2010,
Post-demographic dividend,2015,
Post-demographic dividend,2020,
Pre-demographic dividend,2000,
Pre-demographic dividend,2005,
Pre-demographic dividend,2010,
Pre-demographic dividend,2015,
Pre-demographic dividend,2020,
Puerto Rico,2000,0.3691205125661998
Puerto Rico,2005,0.3600512843401004
Puerto Rico,2010,0.3710378203856639
Puerto Rico,2015,0.403739100571983
Puerto Rico,2020,0.3978259616868109
Qatar,2000,
Qatar,2005,
Qatar,2010,
Qatar,2015,0.3762155208098581
Qatar,2020,0.4030472407414363
Romania,2000,
Romania,2005,0.2961497170482298
Romania,2010,0.3136463427349805
Romania,2015,0.3298010007525474
Romania,2020,0.3298572225016012
Russian Federation,2000,
Russian Federation,2005,0.416019256443885
Russian Federation,2010,0.4508011206173015
Russian Federation,2015,0.4276484601114448
Russian Federation,2020,0.4231147281391461
Rwanda,2000,
Rwanda,2005,
Rwanda,2010,
Rwanda,2015,0.2444846150826185
Rwanda,2020,0.2656491443585127
Samoa,2000,
Samoa,2005,
Samoa,2010,
Samoa,2015,0.285680825820336
Samoa,2020,0.2946132039510286
San Marino,2000,
San Marino,2005,
San Marino,2010,
San Marino,2015,
San Marino,2020,0.3819153863955766
Sao Tome and Principe,2000,
Sao Tome and Principe,2005,
Sao Tome and Principe,2010,
Sao Tome and Principe,2015,
Sao Tome and Principe,2020,
Saudi Arabia,2000,0.3099128203856638
Saudi Arabia,2005,0.3315410255774473
Saudi Arabia,2010,0.3377769230133447
Saudi Arabia,2015,0.3639705130430368
Saudi Arabia,2020,0.4217640964605869
Senegal,2000,
Senegal,2005,
Senegal,2010,0.2294410256807621
Senegal,2015,0.2471435900323411
Senegal,2020,0.2547525645966204
Serbia,2000,
Serbia,2005,0.3149443395768498
Serbia,2010,0.3310491566124226
Serbia,2015,0.35006053478439
Serbia,2020,0.3529063957314553
Seychelles,2000,
Seychelles,2005,0.2930087548363873
Seychelles,2010,0.298474671034011
Seychelles,2015,0.3932766488643643
Seychelles,2020,0.4227045799479625
Sierra Leone,2000,
Sierra Leone,2005,
Sierra Leone,2010,
Sierra Leone,2015,0.2389320138980179
Sierra Leone,2020,0.2352991661365215
Singapore,2000,0.3418857405795537
Singapore,2005,0.4047422736253194
Singapore,2010,0.438830585682519
Singapore,2015,0.4648969310071038
Singapore,2020,0.4869328320033852
Sint Maarten (Dutch part),2000,
Sint Maarten (Dutch part),2005,
Sint Maarten (Dutch part),2010,
Sint Maarten (Dutch part),2015,
Sint Maarten (Dutch part),2020,
Slovak Republic,2000,
Slovak Republic,2005,0.3158352710277756
Slovak Republic,2010,0.2826266416510318
Slovak Republic,2015,0.3540687955387537
Slovak Republic,2020,0.3710501771870817
Slovenia,2000,
Slovenia,2005,0.3558804850074333
Slovenia,2010,0.375527954208918
Slovenia,2015,0.3987697908235686
Slovenia,2020,0.4135900934253953
Small states,2000,
Small states,2005,
Small states,2010,
Small states,2015,
Small states,2020,
Solomon Islands,2000,
Solomon Islands,2005,
Solomon Islands,2010,
Solomon Islands,2015,0.3063017275296725
Solomon Islands,2020,0.3059683941963392
Somalia,2000,
Somalia,2005,
Somalia,2010,
Somalia,2015,
Somalia,2020,
South Africa,2000,
South Africa,2005,0.1878846155753502
South Africa,2010,0.2200487181394528
South Africa,2015,0.2519794877516917
South Africa,2020,0.2775156089587089
South Asia,2000,
South Asia,2005,
South Asia,2010,
South Asia,2015,
South Asia,2020,
South Asia (IDA & IBRD),2000,
South Asia (IDA & IBRD),2005,
South Asia (IDA & IBRD),2010,
South Asia (IDA & IBRD),2015,
South Asia (IDA & IBRD),2020,
South Sudan,2000,
South Sudan,2005,
South Sudan,2010,0.2263974358974359
South Sudan,2015,0.1354846153846153
South Sudan,2020,0.2272333333333333
Spain,2000,
Spain,2005,0.3862345190328535
Spain,2010,0.4016016888096601
Spain,2015,0.4198472200623895
Spain,2020,0.4306036226894054
Sri Lanka,2000,
Sri Lanka,2005,0.3898358948927656
Sri Lanka,2010,0.2884436820128025
Sri Lanka,2015,0.2997437610503954
Sri Lanka,2020,0.3080051287773327
St. Kitts and Nevis,2000,
St. Kitts and Nevis,2005,
St. Kitts and Nevis,2010,
St. Kitts and Nevis,2015,
St. Kitts and Nevis,2020,
St. Lucia,2000,
St. Lucia,2005,
St. Lucia,2010,0.2854384609026786
St. Lucia,2015,0.295929486480126
St. Lucia,2020,0.3232380031096629
St. Martin (French part),2000,
St. Martin (French part),2005,
St. Martin (French part),2010,
St. Martin (French part),2015,
St. Martin (French part),2020,
St. Vincent and the Grenadines,2000,
St. Vincent and the Grenadines,2005,
St. Vincent and the Grenadines,2010,
St. Vincent and the Grenadines,2015,
St. Vincent and the Grenadines,2020,
Sub-Saharan Africa,2000,
Sub-Saharan Africa,2005,
Sub-Saharan Africa,2010,
Sub-Saharan Africa,2015,
Sub-Saharan Africa,2020,
Sub-Saharan Africa (IDA & IBRD countries),2000,
Sub-Saharan Africa (IDA & IBRD countries),2005,
Sub-Saharan Africa (IDA & IBRD countries),2010,
Sub-Saharan Africa (IDA & IBRD countries),2015,
Sub-Saharan Africa (IDA & IBRD countries),2020,
Sub-Saharan Africa (excluding high income),2000,
Sub-Saharan Africa (excluding high income),2005,
Sub-Saharan Africa (excluding high income),2010,
Sub-Saharan Africa (excluding high income),2015,
Sub-Saharan Africa (excluding high income),2020,
Sudan,2000,
Sudan,2005,
Sudan,2010,
Sudan,2015,0.2610588516333165
Sudan,2020,0.2648998772743422
Suriname,2000,
Suriname,2005,0.254043590029692
Suriname,2010,0.2675256413117433
Suriname,2015,0.2811346160362928
Suriname,2020,0.2966909195172481
Sweden,2000,
Sweden,2005,0.4016607267249739
Sweden,2010,0.4106011236690592
Sweden,2015,0.4244993733375651
Sweden,2020,0.4621553066747497
Switzerland,2000,
Switzerland,2005,
Switzerland,2010,0.422545340838024
Switzerland,2015,0.4457182639565153
Switzerland,2020,0.4577784865941757
Syrian Arab Republic,2000,
Syrian Arab Republic,2005,0.2884205134562956
Syrian Arab Republic,2010,0.2939576924984272
Syrian Arab Republic,2015,0.241255128395863
Syrian Arab Republic,2020,0.2857628207035553
Tajikistan,2000,0.2893589733417217
Tajikistan,2005,0.3046871784699268
Tajikistan,2010,0.314117947700696
Tajikistan,2015,0.3207589733417217
Tajikistan,2020,0.3204410814464601
Tanzania,2000,
Tanzania,2005,0.19630512822897
Tanzania,2010,0.2125113859717662
Tanzania,2015,0.2292903082830783
Tanzania,2020,0.2480435240378746
Thailand,2000,
Thailand,2005,0.3145512812883427
Thailand,2010,0.3219461532103708
Thailand,2015,0.338329231007894
Thailand,2020,0.3478409970405776
Timor-Leste,2000,
Timor-Leste,2005,
Timor-Leste,2010,0.2417641030091505
Timor-Leste,2015,0.2696537312532083
Timor-Leste,2020,0.272676584141071
Togo,2000,
Togo,2005,
Togo,2010,0.1996743593558287
Togo,2015,0.2487883747296454
Togo,2020,0.2356470774079998
Tonga,2000,0.2808051285865979
Tonga,2005,0.2855487183301877
Tonga,2010,0.2965243593558287
Tonga,2015,0.2929608976584214
Tonga,2020,0.2959165536330296
Trinidad and Tobago,2000,
Trinidad and Tobago,2005,
Trinidad and Tobago,2010,0.2990753204834768
Trinidad and Tobago,2015,0.3344336667769996
Trinidad and Tobago,2020,0.3335634105388936
Tunisia,2000,
Tunisia,2005,
Tunisia,2010,0.3208380145928798
Tunisia,2015,0.3283894675817244
Tunisia,2020,0.3314203367673434
Turkiye,2000,
Turkiye,2005,0.3008435891713851
Turkiye,2010,0.320299999109904
Turkiye,2015,0.347910254375751
Turkiye,2020,0.3555226521614269
Turkmenistan,2000,0.2726153841067583
Turkmenistan,2005,0.279507691799066
Turkmenistan,2010,0.2914717943631685
Turkmenistan,2015,0.2937948712862455
Turkmenistan,2020,0.2926923071836814
Turks and Caicos Islands,2000,
Turks and Caicos Islands,2005,
Turks and Caicos Islands,2010,
Turks and Caicos Islands,2015,
Turks and Caicos Islands,2020,
Tuvalu,2000,
Tuvalu,2005,
Tuvalu,2010,
Tuvalu,2015,
Tuvalu,2020,0.2764363451835436
Uganda,2000,
Uganda,2005,0.1951410254502907
Uganda,2010,0.2322179473192264
Uganda,2015,0.2504957198167459
Uganda,2020,0.2676944337420993
Ukraine,2000,
Ukraine,2005,0.370810254375751
Ukraine,2010,0.384507690273187
Ukraine,2015,0.3973179466834435
Ukraine,2020,0.4306232061532828
United Arab Emirates,2000,
United Arab Emirates,2005,0.3715538431020884
United Arab Emirates,2010,0.3772307661790115
United Arab Emirates,2015,0.3782051251533705
United Arab Emirates,2020,0.4556405120067108
United Kingdom,2000,
United Kingdom,2005,
United Kingdom,2010,0.4220894334374404
United Kingdom,2015,0.4452267502813953
United Kingdom,2020,0.4668602932746893
United States,2000,
United States,2005,0.4155759209256534
United States,2010,0.4306792975277213
United States,2015,0.442108943598057
United States,2020,0.4525076302772319
Upper middle income,2000,
Upper middle income,2005,
Upper middle income,2010,
Upper middle income,2015,
Upper middle income,2020,
Uruguay,2000,0.3145102565374131
Uruguay,2005,0.319852564293299
Uruguay,2010,0.3220897430811173
Uruguay,2015,0.3351692310235437
Uruguay,2020,0.3426297433608616
Uzbekistan,2000,
Uzbekistan,2005,
Uzbekistan,2010,
Uzbekistan,2015,0.4475641000209709
Uzbekistan,2020,0.3223357217055101
Vanuatu,2000,
Vanuatu,2005,
Vanuatu,2010,0.2639808057271517
Vanuatu,2015,0.2670218313681773
Vanuatu,2020,0.2738434662452111
"Venezuela, RB",2000,
"Venezuela, RB",2005,0.3494794889596792
"Venezuela, RB",2010,0.3261133342742919
"Venezuela, RB",2015,0.3710820535708696
"Venezuela, RB",2020,0.3733163235851841
Viet Nam,2000,
Viet Nam,2005,
Viet Nam,2010,0.301182431494884
Viet Nam,2015,0.3115818531329813
Viet Nam,2020,0.3296184246747922
Virgin Islands (U.S.),2000,
Virgin Islands (U.S.),2005,
Virgin Islands (U.S.),2010,
Virgin Islands (U.S.),2015,
Virgin Islands (U.S.),2020,
West Bank and Gaza,2000,
West Bank and Gaza,2005,0.3257871779613004
West Bank and Gaza,2010,0.3466435889806504
West Bank and Gaza,2015,0.3581820505191119
West Bank and Gaza,2020,0.378207693579258
World,2000,
World,2005,
World,2010,
World,2015,
World,2020,
"Yemen, Rep.",2000,
"Yemen, Rep.",2005,
"Yemen, Rep.",2010,
"Yemen, Rep.",2015,0.2564280666987101
"Yemen, Rep.",2020,0.2547562718269152
Zambia,2000,
Zambia,2005,
Zambia,2010,
Zambia,2015,0.2269362464464628
Zambia,2020,0.2680215211330315
Zimbabwe,2000,
Zimbabwe,2005,0.141389743462587
Zimbabwe,2010,0.1688512819241254
Zimbabwe,2015,0.2269137660430027
Zimbabwe,2020,0.2543898721984309
