Country Name,Country Code,Indicator Name,Indicator Code,1960,1961,1962,1963,1964,1965,1966,1967,1968,1969,1970,1971,1972,1973,1974,1975,1976,1977,1978,1979,1980,1981,1982,1983,1984,1985,1986,1987,1988,1989,1990,1991,1992,1993,1994,1995,1996,1997,1998,1999,2000,2001,2002,2003,2004,2005,2006,2007,2008,2009,2010,2011,2012,2013,2014,2015,2016,2017,2018,2019,2020,2021,2022,2023,2024,Unnamed: 69
Aruba,ABW,"Niveau d’éducation, études supérieures de cycle court au minimum, population de 25 ans et plus (%)",SE.TER.CUAT.ST.ZS,,,,,,,,,,,,,,,,,,,,,,,,,,,,,,,,7.19000005722046,,,,,,,,,16.3999996185303,,,,,,,,,,12.8199996948242,,,,,,,,,,,,,,,
,AFE,"Niveau d’éducation, études supérieures de cycle court au minimum, population de 25 ans et plus (%)",SE.TER.CUAT.ST.ZS,,,,,,,,,,,,,,,,,,,,,,,,,,,,,,,,,,,,,,,,,,,,,,,,,,,,,,,,,,,,,,,,,,
Afghanistan,AFG,"Niveau d’éducation, études supérieures de cycle court au minimum, population de 25 ans et plus (%)",SE.TER.CUAT.ST.ZS,,,,,,,,,,,,,,,,,,,,,,,,,,,,,,,,,,,,,,,,,,,,,,,,,,,,,,,1.91133177280426,,,5.26141691207886,,,4.70253896713257,3.0699999332428,,,,
,AFW,"Niveau d’éducation, études supérieures de cycle court au minimum, population de 25 ans et plus (%)",SE.TER.CUAT.ST.ZS,,,,,,,,,,,,,,,,,,,,,,,,,,,,,,,,,,,,,,,,,,,,,,,,,,,,,,,,,,,,,,,,,,
Angola,AGO,"Niveau d’éducation, études supérieures de cycle court au minimum, population de 25 ans et plus (%)",SE.TER.CUAT.ST.ZS,,,,,,,,,,,,,,,,,,,,,,,,,,,,,,,,,,,,,,,,,,,,,,,,,,,,4.04619216918945,,,2.63000011444092,,,,,3.92176914215088,,4.1831579208374,,,,
Albanie,ALB,"Niveau d’éducation, études supérieures de cycle court au minimum, population de 25 ans et plus (%)",SE.TER.CUAT.ST.ZS,,,,,,,,,,,,,,,,,,,,,,,,,,,,,,,,,,,,,,,,,,7.42999982833862,,,,,,,9.81999969482422,,9.98201656341553,12.0,12.8999996185303,12.9113216400146,13.1912441253662,14.8080072402954,14.3157796859741,15.4560966491699,16.839599609375,17.6892547607422,,18.5665912628174,20.4319515228271,,,
Andorre,AND,"Niveau d’éducation, études supérieures de cycle court au minimum, population de 25 ans et plus (%)",SE.TER.CUAT.ST.ZS,,,,,,,,,,,,,,,,,,,,,,,,,,,,,,,,,,,,,,,,,,,,27.8099994659424,30.5100002288818,28.1100006103516,30.4799995422363,,,,,,,,32.6800003051758,32.4199981689453,32.2299995422363,,,,,,37.6300010681152,,,
Le monde arabe,ARB,"Niveau d’éducation, études supérieures de cycle court au minimum, population de 25 ans et plus (%)",SE.TER.CUAT.ST.ZS,,,,,,,,,,,,,,,,,,,,,,,,,,,,,,,,,,,,,,,,,,,,,,,,,,,,,,,,,,,,,,,,,,
Émirats arabes unis,ARE,"Niveau d’éducation, études supérieures de cycle court au minimum, population de 25 ans et plus (%)",SE.TER.CUAT.ST.ZS,,,,,,,,,,,,,,,,,,,,,,,,,,,,,,,,,,,,,,,,,,,,,,17.9599990844727,,,,,,,,,,,34.8600006103516,50.6599998474121,51.7799987792969,51.7700004577637,,52.4700012207031,54.2700004577637,,,
Argentine,ARG,"Niveau d’éducation, études supérieures de cycle court au minimum, population de 25 ans et plus (%)",SE.TER.CUAT.ST.ZS,,,,,,,,,,,4.0,,,,,,,,,,6.09999990463257,,,,,,,,,,,12.0100002288818,,,,,,,,,,11.0799999237061,,13.6800003051758,,,,,,,,,,,,,,,,,,,,,,
Arménie,ARM,"Niveau d’éducation, études supérieures de cycle court au minimum, population de 25 ans et plus (%)",SE.TER.CUAT.ST.ZS,,,,,,,,,,,,,,,,,,,,,,,,,,,,,,,,,,,,,,,,,,,,,,,,,,,46.4075622558594,43.689998626709,48.1518363952637,48.5207748413086,49.9776268005371,47.3199996948242,,43.5200004577637,24.2692451477051,27.4885902404785,43.3199996948242,28.5798759460449,,,,
Samoa américaines,ASM,"Niveau d’éducation, études supérieures de cycle court au minimum, population de 25 ans et plus (%)",SE.TER.CUAT.ST.ZS,,,,,,,,,,,,,,,,,,,,,,,,,,,,,,,,,,,,,,,,,,,,,,,,,,,,,,,,,,,,,,,,,,
Antigua-et-Barbuda,ATG,"Niveau d’éducation, études supérieures de cycle court au minimum, population de 25 ans et plus (%)",SE.TER.CUAT.ST.ZS,,,,,,,,,,,,,,,,,,,,,,,,,,,,,,,,,,,,,,,,,,,,,,,,,,,,,,,,,,,,,,,,,,
Australie,AUS,"Niveau d’éducation, études supérieures de cycle court au minimum, population de 25 ans et plus (%)",SE.TER.CUAT.ST.ZS,,,,,,,,,,,,,,,,,,,,,,,,,,,,,,,,,,,,,,,,,,,,,30.8199996948242,31.6900005340576,33.0099983215332,33.7400016784668,35.8199996948242,36.7999992370605,37.4900016784668,38.3600006103516,41.2799987792969,37.2099990844727,39.5200004577637,40.4500007629395,41.3899993896484,42.6100006103516,43.2700004577637,44.4599990844727,46.4500007629395,46.9799995422363,48.7099990844727,46.5394630432129,,
Autriche,AUT,"Niveau d’éducation, études supérieures de cycle court au minimum, population de 25 ans et plus (%)",SE.TER.CUAT.ST.ZS,,,,,,,,,,,,,,,,,,,,,,,,,,,,,,,,,,,,,,,,,,,,,,15.960000038147,,15.8299999237061,15.1999998092651,17.3199996948242,17.5200004577637,17.5100002288818,18.0100002288818,18.6100006103516,26.2800006866455,26.9300003051758,27.8199996948242,28.4300003051758,29.01047706604,29.8700008392334,30.1284141540527,30.679235458374,20.4428653717041,21.3424701690674,,
Azerbaïdjan,AZE,"Niveau d’éducation, études supérieures de cycle court au minimum, population de 25 ans et plus (%)",SE.TER.CUAT.ST.ZS,,,,,,,,,,,,,,,,,,,,,,,,,,,,,,,,,,,,,,,,,,,,,,,,24.9200000762939,25.0400009155273,25.0599994659424,25.2299995422363,25.2700004577637,25.3400001525879,25.3799991607666,25.4099998474121,25.4099998474121,25.4699993133545,25.4300003051758,25.4300003051758,25.3999996185303,,26.4394779205322,27.6497669219971,27.6599998474121,,
Burundi,BDI,"Niveau d’éducation, études supérieures de cycle court au minimum, population de 25 ans et plus (%)",SE.TER.CUAT.ST.ZS,,,,,,,,,,,,,,,,,,,,,,,,,,,,,,,0.600000023841858,,,,,,,,,,,,,,,,,,3.03999996185303,,,,,,1.35000002384186,,,1.63999998569489,,,,,,,,
Belgique,BEL,"Niveau d’éducation, études supérieures de cycle court au minimum, population de 25 ans et plus (%)",SE.TER.CUAT.ST.ZS,,,,,,,,,,,,,,,,,,,,,,,,,,,,,,,,,,,,,,,,,,,,,,,26.75,,27.3999996185303,28.4400005340576,30.0,29.8099994659424,30.4200000762939,30.5200004577637,31.5499992370605,32.060001373291,32.5400009155273,35.1199989318848,35.78759765625,35.7999992370605,37.2799682617188,39.2936553955078,40.1140022277832,,,
Bénin,BEN,"Niveau d’éducation, études supérieures de cycle court au minimum, population de 25 ans et plus (%)",SE.TER.CUAT.ST.ZS,,,,,,,,,,,,,,,,,,,,0.300000011920929,,,,,,,,,,,,,1.29999995231628,,,,,,,,,,2.16000008583069,,,,,,,,,4.11995410919189,,,,,,,4.99135065078735,,,,4.97073268890381,,,
Burkina Faso,BFA,"Niveau d’éducation, études supérieures de cycle court au minimum, population de 25 ans et plus (%)",SE.TER.CUAT.ST.ZS,,,,,,,,,,,,,,,,,,,,,,,,,,,,,,,,,,,,,,,,,,,,,,,1.8400000333786,0.170000001788139,,,,,,,0.0,,,,2.6800000667572,3.52999997138977,,,2.13983154296875,2.73668909072876,,
Bangladesh,BGD,"Niveau d’éducation, études supérieures de cycle court au minimum, population de 25 ans et plus (%)",SE.TER.CUAT.ST.ZS,,,,,,,,,,,,,,,,,,,,,,,,,,,,,,,,,,,,,,,,,,,,,,,,,,,,5.96999979019165,6.15999984741211,5.73999977111816,6.1100001335144,8.56999969482422,8.85000038146973,9.32999992370605,9.72999954223633,10.1400003433228,,10.2700004577637,8.15951442718506,,,
Bulgarie,BGR,"Niveau d’éducation, études supérieures de cycle court au minimum, population de 25 ans et plus (%)",SE.TER.CUAT.ST.ZS,,,,,,,,,,,,,,,,,,,,,,,,,,,,,,,,,,,,,,,,,,,,,,,,,,,,,,,,,,,25.113618850708,25.1552085876465,,26.2697563171387,26.3977317810059,,,
Bahreïn,BHR,"Niveau d’éducation, études supérieures de cycle court au minimum, population de 25 ans et plus (%)",SE.TER.CUAT.ST.ZS,,,,,,,,,,,,,,,,,,,,,,,,,,,,,,,,,,,,,,,,,,11.210000038147,,,,,,,,,19.2700004577637,,,,,,,,,,,,40.3899993896484,40.1800003051758,,
Bahamas,BHS,"Niveau d’éducation, études supérieures de cycle court au minimum, population de 25 ans et plus (%)",SE.TER.CUAT.ST.ZS,,,,,,,,,,,,,,,,,,,,,,,,,,,,,,,,,,,,,,,,,,,,,,,,,,,22.8899993896484,,,,,,,,,22.493558883667,,,,27.9082431793213,,
Bosnie-Herzégovine,BIH,"Niveau d’éducation, études supérieures de cycle court au minimum, population de 25 ans et plus (%)",SE.TER.CUAT.ST.ZS,,,,,,,,,,,,,,,,,,,,,,,,,,,,,,,,,,,,,,,,,,,,,,,,,,,9.22999954223633,9.85000038146973,6.69452047348022,7.49391555786133,11.3000001907349,10.5200004577637,11.0900001525879,7.18639755249023,10.8400001525879,6.99687480926514,13.1199998855591,11.7022619247437,14.539999961853,12.769455909729,,
Bélarus,BLR,"Niveau d’éducation, études supérieures de cycle court au minimum, population de 25 ans et plus (%)",SE.TER.CUAT.ST.ZS,,,,,,,,,,,,,,,,,,,,,,,,,,,,,,,,,,,,,,,,,,,,,,,,,,51.3800010681152,,,,,,,28.0634574890137,28.4615497589111,29.6607112884521,60.689998626709,30.7564182281494,31.4053611755371,32.0080604553223,32.5715293884277,,
Belize,BLZ,"Niveau d’éducation, études supérieures de cycle court au minimum, population de 25 ans et plus (%)",SE.TER.CUAT.ST.ZS,,,,,,,,,,,,,,,,,,,,,,,,,,,,,,,,,,,,,,,,,,,,,,,,,,,,,,15.7662878036499,16.312894821167,17.1856422424316,16.7337989807129,18.7452182769775,,17.7846431732178,20.9699993133545,,,,,
Bermudes,BMU,"Niveau d’éducation, études supérieures de cycle court au minimum, population de 25 ans et plus (%)",SE.TER.CUAT.ST.ZS,,,,,,,,,,,7.40000009536743,,,,,,,,,,,,,,,,,,,,,18.3600006103516,,,,,,,,,27.5599994659424,,,,,,,,,,37.3600006103516,,,,,,40.810001373291,,,,,,,,,
Bolivie,BOL,"Niveau d’éducation, études supérieures de cycle court au minimum, population de 25 ans et plus (%)",SE.TER.CUAT.ST.ZS,,,,,,,,,,,,,,,,,5.03999996185303,,,,,,,,,,,,,,,,10.8100004196167,,,,,,,,,14.0799999237061,,,,,20.9200000762939,,20.5400009155273,22.7700004577637,,15.1722717285156,24.0300006866455,14.825252532959,12.9951934814453,26.6200008392334,18.6036014556885,20.6735992431641,21.9419193267822,31.1000003814697,31.4799995422363,27.1454563140869,29.4184741973877,30.6995735168457,,
Brésil,BRA,"Niveau d’éducation, études supérieures de cycle court au minimum, population de 25 ans et plus (%)",SE.TER.CUAT.ST.ZS,,,,,,,,,,,1.98000001907349,,,,,,4.30000019073486,,,,4.98000001907349,,,,,,,,,,,,,,,,,,,,,,,,8.10999965667725,,8.64000034332275,9.32999992370605,10.0200004577637,10.6000003814697,11.3000001907349,11.4499998092651,11.960000038147,12.6300001144409,13.1599998474121,13.5600004196167,15.3500003814697,15.7299995422363,16.5400009155273,,,,21.2783794403076,21.847204208374,,
Barbade,BRB,"Niveau d’éducation, études supérieures de cycle court au minimum, population de 25 ans et plus (%)",SE.TER.CUAT.ST.ZS,,,,,,,,,,,,,,,,,,,,,,,,,,,,,,,,,,,,,,,,,,,,,,,,,,,,,,,,13.9602088928223,16.06689453125,14.2273483276367,16.5551872253418,15.5087976455688,,,,,,
Brunéi Darussalam,BRN,"Niveau d’éducation, études supérieures de cycle court au minimum, population de 25 ans et plus (%)",SE.TER.CUAT.ST.ZS,,,,,,,,,,,,,,,,,,,,,,,,,,,,,,,,,,,,,,,,,,,,,,,,,,,,13.1700000762939,,,21.2450084686279,,,18.7535991668701,19.375431060791,22.448034286499,20.07493019104,20.5302143096924,21.619779586792,,,
Bhoutan,BTN,"Niveau d’éducation, études supérieures de cycle court au minimum, population de 25 ans et plus (%)",SE.TER.CUAT.ST.ZS,,,,,,,,,,,,,,,,,,,,,,,,,,,,,,,,,,,,,,,,,,,,,,,,,,,,,4.55000019073486,,,,,10.1999998092651,,,,,,,,
Botswana,BWA,"Niveau d’éducation, études supérieures de cycle court au minimum, population de 25 ans et plus (%)",SE.TER.CUAT.ST.ZS,,,,,,,,,,,,,,,,,,,,,,,,,,,,,,,,,,,,,,,,,,,,,,,,,,,,,,,,,,,,29.1895904541016,29.2049808502197,28.1992988586426,29.0245151519775,29.5925464630127,,
République centrafricaine,CAF,"Niveau d’éducation, études supérieures de cycle court au minimum, population de 25 ans et plus (%)",SE.TER.CUAT.ST.ZS,,,,,,,,,,,,,,,,,,,,,,,,,,,,,,,,,,,,,,,,,,,,,,,,,,,,,,,,,,,,,,,,,,
Canada,CAN,"Niveau d’éducation, études supérieures de cycle court au minimum, population de 25 ans et plus (%)",SE.TER.CUAT.ST.ZS,,,,,,,,,,,,,,,,,,,,,,,,,,,19.3400001525879,,,,,21.5300006866455,,,,,,,,,,40.2799987792969,,,,,43.8600006103516,,,,57.3237533569336,47.6699981689453,58.9546966552734,59.4432792663574,59.8476753234863,60.8823738098145,49.6699981689453,62.2785263061523,63.1919555664062,64.5579147338867,65.3256530761719,49.2999992370605,67.2747039794922,68.0393142700195,,
Europe centrale et les pays baltes,CEB,"Niveau d’éducation, études supérieures de cycle court au minimum, population de 25 ans et plus (%)",SE.TER.CUAT.ST.ZS,,,,,,,,,,,,,,,,,,,,,,,,,,,,,,,,,,,,,,,,,,,,,,,,,,,,,,,,,,,,,,,,,,
Suisse,CHE,"Niveau d’éducation, études supérieures de cycle court au minimum, population de 25 ans et plus (%)",SE.TER.CUAT.ST.ZS,,,,,,,,,,,,,,,,,,,,,,,,,,,,,,,,,,,,,,,,,,,,,,,,,,31.0100002288818,31.0,31.0300006866455,32.3199996948242,32.9693565368652,35.6100006103516,36.9500007629395,36.6199989318848,37.8640937805176,38.9799995422363,39.6599998474121,40.4104690551758,40.1155204772949,40.0153961181641,,,
Îles Anglo-Normandes,CHI,"Niveau d’éducation, études supérieures de cycle court au minimum, population de 25 ans et plus (%)",SE.TER.CUAT.ST.ZS,,,,,,,,,,,,,,,,,,,,,,,,,,,,,,,,,,,,,,,,,,,,,,,,,,,,,,,,,,,,,,,,,,
Chili,CHL,"Niveau d’éducation, études supérieures de cycle court au minimum, population de 25 ans et plus (%)",SE.TER.CUAT.ST.ZS,,,,,,,,,,,3.79999995231628,,,,,,,,,,,,7.1399998664856,,,,,,,,,,,,,,,,,,,,,,13.1599998474121,,,15.0500001907349,20.9200000762939,,18.0799999237061,15.1700000762939,12.4730710983276,17.7099990844727,13.3998031616211,19.8099994659424,13.9364814758301,22.0400009155273,15.5733489990234,15.9265537261963,19.1351909637451,19.6066036224365,20.2825660705566,,,
Chine,CHN,"Niveau d’éducation, études supérieures de cycle court au minimum, population de 25 ans et plus (%)",SE.TER.CUAT.ST.ZS,,,,,,,,,,,,,,,,,,,,,,,,,,,,,,,,,,,,,,,,,,,,,,,,,,,8.8100004196167,,,,,,,,,,16.1200008392334,,,,,
Côte d'Ivoire,CIV,"Niveau d’éducation, études supérieures de cycle court au minimum, population de 25 ans et plus (%)",SE.TER.CUAT.ST.ZS,,,,,,,,,,,,,,,,,,,,,,,,,,,,,,,,,,,,,,,,,,,,,,,,,,,,,6.2484974861145,2.59874606132507,,,,,,5.22612524032593,,7.82999992370605,6.66640281677246,,,
Cameroun,CMR,"Niveau d’éducation, études supérieures de cycle court au minimum, population de 25 ans et plus (%)",SE.TER.CUAT.ST.ZS,,,,,,,,,,,,,,,,,,,,,,,,,,,,,,,,,,,,,,,,,,,,,,,,1.24000000953674,,,1.44000005722046,,,,7.14361524581909,,,,,,,,,,,
"Congo, République démocratique du",COD,"Niveau d’éducation, études supérieures de cycle court au minimum, population de 25 ans et plus (%)",SE.TER.CUAT.ST.ZS,,,,,,,,,,,,,,,,,,,,,,,,,1.29999995231628,,,,,,,,,,,,,,,,,,,,,,,,,,,,7.97071743011475,5.42999982833862,,,9.11999988555908,,,,7.14558172225952,,,,,
"Congo, République du",COG,"Niveau d’éducation, études supérieures de cycle court au minimum, population de 25 ans et plus (%)",SE.TER.CUAT.ST.ZS,,,,,,,,,,,,,,,,,,,,,,,,,,,,,,,,,,,,,,,,,,,,,,,,,,,,,,,,,,,,,,,,,,
Colombie,COL,"Niveau d’éducation, études supérieures de cycle court au minimum, population de 25 ans et plus (%)",SE.TER.CUAT.ST.ZS,,,,,,,,,,,,,,,,,,,,,,,,,,,,,,,,,,10.6000003814697,,,,,,,,,,,15.3699998855591,15.8800001144409,11.3599996566772,14.5500001907349,15.3199996948242,14.7200002670288,15.6800003051758,16.2099990844727,17.0900001525879,18.5900001525879,19.7099990844727,19.5200004577637,20.1399993896484,,21.25,21.6299991607666,22.5400009155273,,26.4127159118652,26.9080657958984,,
Comores,COM,"Niveau d’éducation, études supérieures de cycle court au minimum, population de 25 ans et plus (%)",SE.TER.CUAT.ST.ZS,,,,,,,,,,,,,,,,,,,,,,,,,,,,,,,,,,,,,,,,,,,,,,,,,,,,,,,5.74592638015747,,,,,,,12.6984033584595,,,,
Cabo Verde,CPV,"Niveau d’éducation, études supérieures de cycle court au minimum, population de 25 ans et plus (%)",SE.TER.CUAT.ST.ZS,,,,,,,,,,,,,,,,,,,,,,,,,,,,,,,,,,,,,,,,,,,,,,,,,,,,,,,,9.77000045776367,,,,,,,,,,
Costa Rica,CRI,"Niveau d’éducation, études supérieures de cycle court au minimum, population de 25 ans et plus (%)",SE.TER.CUAT.ST.ZS,,,,,,,,,,,,,,5.78000020980835,,,,,,,,,,,,,,,,,,,,,,,,,,,,,,,,,,17.5900001525879,20.4099998474121,20.9200000762939,20.0100002288818,20.5699996948242,20.9899997711182,,23.5,21.9099998474121,21.4500007629395,,22.2299995422363,,22.2900009155273,,18.1927375793457,19.0812149047852,,
Petits états des Caraïbes,CSS,"Niveau d’éducation, études supérieures de cycle court au minimum, population de 25 ans et plus (%)",SE.TER.CUAT.ST.ZS,,,,,,,,,,,,,,,,,,,,,,,,,,,,,,,,,,,,,,,,,,,,,,,,,,,,,,,,,,,,,,,,,,
Cuba,CUB,"Niveau d’éducation, études supérieures de cycle court au minimum, population de 25 ans et plus (%)",SE.TER.CUAT.ST.ZS,,,,,,,,,,,,,,,,,,,,,,,,,,,,,,,,,,,,,,,,,,,9.35999965667725,,,,,,,,,,15.0799999237061,,,,,,,,,,,,,
Curacao,CUW,"Niveau d’éducation, études supérieures de cycle court au minimum, population de 25 ans et plus (%)",SE.TER.CUAT.ST.ZS,,,,,,,,,,,,,,,,,,,,,,,,,,,,,,,,,,,,,,,,,,,,,,,,,,,,,,,,,,,47.973991394043,,,,,,,
Îles Caïmans,CYM,"Niveau d’éducation, études supérieures de cycle court au minimum, population de 25 ans et plus (%)",SE.TER.CUAT.ST.ZS,,,,,,,,,,,,,,,,,,,,,,,,,,,,,,14.1199998855591,,,,,,,,,,,,,,,25.8799991607666,24.4899997711182,23.7600002288818,36.9300003051758,37.6199989318848,,,,,,41.2299995422363,38.1699981689453,,,,,,,,,,
Chypre,CYP,"Niveau d’éducation, études supérieures de cycle court au minimum, population de 25 ans et plus (%)",SE.TER.CUAT.ST.ZS,,,,,,,,,,,,,,,,,,,,,,,,,,,,,,,,,,,,,,,,,,,,,25.5,24.8899993896484,26.4099998474121,28.7199993133545,29.9099998474121,29.4300003051758,30.8899993896484,29.8600006103516,34.0999984741211,34.2299995422363,35.2200012207031,34.8300018310547,36.5,36.5949516296387,37.7900009155273,38.0795402526855,38.6300010681152,41.0855598449707,42.2142448425293,,,
République tchèque,CZE,"Niveau d’éducation, études supérieures de cycle court au minimum, population de 25 ans et plus (%)",SE.TER.CUAT.ST.ZS,,,,,,,,,,,,,,,,,,,,,,,,,,,,,,,,,,,,,,,,,,,,,,,12.4700002670288,12.6099996566772,13.2799997329712,14.3100004196167,15.3299999237061,16.5200004577637,17.3400001525879,18.2800006866455,18.9699993133545,19.5300006866455,20.2399997711182,20.8600006103516,21.1270065307617,21.0100002288818,21.4751415252686,22.9685287475586,22.7001476287842,,,
Allemagne,DEU,"Niveau d’éducation, études supérieures de cycle court au minimum, population de 25 ans et plus (%)",SE.TER.CUAT.ST.ZS,,,,,,,,,,,,,,,,,,,,,,,,,,,,,,,,,,,,,,,,,,,,,22.3600006103516,22.0699996948242,21.5200004577637,21.9599990844727,23.0499992370605,24.0400009155273,24.2700004577637,25.0400009155273,25.6200008392334,26.0100002288818,24.8700008392334,25.4300003051758,26.1800003051758,26.4556064605713,25.7399997711182,27.6376609802246,28.8999996185303,29.6709289550781,29.8508644104004,,,
Djibouti,DJI,"Niveau d’éducation, études supérieures de cycle court au minimum, population de 25 ans et plus (%)",SE.TER.CUAT.ST.ZS,,,,,,,,,,,,,,,,,,,,,,,,,,,,,,,,,,,,,,,,,,,,,,,,,,,,,,,,,,7.0643367767334,,,,,,,,
Dominique,DMA,"Niveau d’éducation, études supérieures de cycle court au minimum, population de 25 ans et plus (%)",SE.TER.CUAT.ST.ZS,,,,,,,,,,,,,,,,,,,,,,,,,,,,,,,,,,,,,,,,,,,,,,,,,,,,,,,,,,,,,,,,,,
Danemark,DNK,"Niveau d’éducation, études supérieures de cycle court au minimum, population de 25 ans et plus (%)",SE.TER.CUAT.ST.ZS,,,,,,,,,,,,,,,,,,,,,,,,,,,,,,,,19.6200008392334,,,18.9400005340576,19.7299995422363,,,,,,,,32.4700012207031,32.5299987792969,,,31.4699993133545,34.1399993896484,31.0799999237061,30.6900005340576,30.6900005340576,32.2799987792969,32.9700012207031,33.2900009155273,34.5099983215332,35.4199981689453,33.9781837463379,37.1199989318848,35.4926795959473,37.7400016784668,36.8433036804199,37.2319068908691,,,
République dominicaine,DOM,"Niveau d’éducation, études supérieures de cycle court au minimum, population de 25 ans et plus (%)",SE.TER.CUAT.ST.ZS,,,,,,,,,,,1.89999997615814,,,,,,,,,,,,,,,,,,,,,,,,,,,,,,,,,,,,,18.6499996185303,,,10.789999961853,10.2700004577637,10.789999961853,10.8599996566772,11.789999961853,12.3800001144409,21.9699993133545,11.7243194580078,12.7266597747803,13.3362150192261,12.8589019775391,12.9000816345215,17.6953067779541,,,
Algérie,DZA,"Niveau d’éducation, études supérieures de cycle court au minimum, population de 25 ans et plus (%)",SE.TER.CUAT.ST.ZS,,,,,,,,,,,,0.319999992847443,,,,,,,,,,,,,,,,,,,,,,,,,,,,,,,,,,,,,,,,3.11999988555908,,,,,,,,,,,,,,
Asie de l’Est et Pacifique (hors revenu élevé),EAP,"Niveau d’éducation, études supérieures de cycle court au minimum, population de 25 ans et plus (%)",SE.TER.CUAT.ST.ZS,,,,,,,,,,,,,,,,,,,,,,,,,,,,,,,,,,,,,,,,,,,,,,,,,,,,,,,,,,,,,,,,,,
de dividende précoce démographique,EAR,"Niveau d’éducation, études supérieures de cycle court au minimum, population de 25 ans et plus (%)",SE.TER.CUAT.ST.ZS,,,,,,,,,,,,,,,,,,,,,,,,,,,,,,,,,,,,,,,,,,,,,,,,,,,,,,,,,,,,,,,,,,
Asie de l’Est et Pacifique,EAS,"Niveau d’éducation, études supérieures de cycle court au minimum, population de 25 ans et plus (%)",SE.TER.CUAT.ST.ZS,,,,,,,,,,,,,,,,,,,,,,,,,,,,,,,,,,,,,,,,,,,,,,,,,,,,,,,,,,,,,,,,,,
Europe et Asie centrale (hors revenu élevé),ECA,"Niveau d’éducation, études supérieures de cycle court au minimum, population de 25 ans et plus (%)",SE.TER.CUAT.ST.ZS,,,,,,,,,,,,,,,,,,,,,,,,,,,,,,,,,,,,,,,,,,,,,,,,,,,,,,,,,,,,,,,,,,
Europe et Asie centrale,ECS,"Niveau d’éducation, études supérieures de cycle court au minimum, population de 25 ans et plus (%)",SE.TER.CUAT.ST.ZS,,,,,,,,,,,,,,,,,,,,,,,,,,,,,,,,,,,,,,,,,,,,,,,,,,,,,,,,,,,,,,,,,,
Équateur,ECU,"Niveau d’éducation, études supérieures de cycle court au minimum, population de 25 ans et plus (%)",SE.TER.CUAT.ST.ZS,,,,,,,,,,,,,,,3.17000007629395,,,,,,,,7.51999998092651,,,,,,,,12.9200000762939,,,,,,,,,,,,,,,,,,,,,,,,,,,,,,,,,,,
"Égypte, République arabe d’",EGY,"Niveau d’éducation, études supérieures de cycle court au minimum, population de 25 ans et plus (%)",SE.TER.CUAT.ST.ZS,,,,,,,,,,,,,,,,,,,,,,,,,,,,,,,,,,,,,,,,,,,,,,,13.1599998474121,,,,14.3295373916626,14.4192247390747,14.7901058197021,13.9750137329102,13.7063856124878,14.745777130127,14.2380571365356,6.17000007629395,15.7031269073486,,16.7489757537842,17.1015815734863,17.2449932098389,,,
Zone euro,EMU,"Niveau d’éducation, études supérieures de cycle court au minimum, population de 25 ans et plus (%)",SE.TER.CUAT.ST.ZS,,,,,,,,,,,,,,,,,,,,,,,,,,,,,,,,,,,,,,,,,,,,,,,,,,,,,,,,,,,,,,,,,,
Érythrée,ERI,"Niveau d’éducation, études supérieures de cycle court au minimum, population de 25 ans et plus (%)",SE.TER.CUAT.ST.ZS,,,,,,,,,,,,,,,,,,,,,,,,,,,,,,,,,,,,,,,,,,,,,,,,,,,,,,,,,,,,,,,,,,
Espagne,ESP,"Niveau d’éducation, études supérieures de cycle court au minimum, population de 25 ans et plus (%)",SE.TER.CUAT.ST.ZS,,,,,,,,,,,3.6800000667572,,,,,,,,,,,7.15000009536743,,,,,7.0,,,,,8.44999980926514,,,,,,,,,,,,,21.6200008392334,23.2999992370605,23.6299991607666,24.1800003051758,24.5,24.8899993896484,25.6700000762939,26.4899997711182,26.9400005340576,28.398307800293,28.9799995422363,29.2900009155273,29.7900009155273,30.6303176879883,31.1100006103516,32.6620979309082,33.439998626709,34.7776222229004,35.1002464294434,35.2074127197266,,
Estonie,EST,"Niveau d’éducation, études supérieures de cycle court au minimum, population de 25 ans et plus (%)",SE.TER.CUAT.ST.ZS,,,,,,,,,,,,,,,,,,,,,,,,,,,,,,13.6499996185303,,,,,,,,,,,28.1499996185303,,,,,,32.4099998474121,32.1100006103516,33.25,34.5099983215332,34.0299987792969,35.5299987792969,36.0400009155273,37.0699996948242,37.0999984741211,37.5999984741211,37.7999992370605,38.7799987792969,40.2900009155273,40.508186340332,39.5,38.5557632446289,39.7783050537109,,,
Éthiopie,ETH,"Niveau d’éducation, études supérieures de cycle court au minimum, population de 25 ans et plus (%)",SE.TER.CUAT.ST.ZS,,,,,,,,,,,,,,,,,,,,,,,,,,,,,,,,,,,,,,,,,,,,,,,,0.5,,,,1.0900000333786,,1.25512230396271,,,,,,,,,,,,
Union européenne,EUU,"Niveau d’éducation, études supérieures de cycle court au minimum, population de 25 ans et plus (%)",SE.TER.CUAT.ST.ZS,,,,,,,,,,,,,,,,,,,,,,,,,,,,,,,,,,,,,,,,,,,,,,,,,,,,,,,,,,,,,,,,,,
Fragile et les situations de conflit touchées,FCS,"Niveau d’éducation, études supérieures de cycle court au minimum, population de 25 ans et plus (%)",SE.TER.CUAT.ST.ZS,,,,,,,,,,,,,,,,,,,,,,,,,,,,,,,,,,,,,,,,,,,,,,,,,,,,,,,,,,,,,,,,,,
Finlande,FIN,"Niveau d’éducation, études supérieures de cycle court au minimum, population de 25 ans et plus (%)",SE.TER.CUAT.ST.ZS,,,,,,,,,,,,,,,,,,,,,,,,,,,,,,,,,,,,,,,,,,,,28.6000003814697,,29.5400009155273,30.0400009155273,30.4899997711182,31.1700000762939,31.6100006103516,32.1300010681152,32.5900001525879,33.0699996948242,33.6800003051758,34.0999984741211,34.3499984741211,37.4539413452148,35.25,39.6071586608887,36.4799995422363,41.926383972168,37.6821784973145,38.1009368896484,,,
Fidji,FJI,"Niveau d’éducation, études supérieures de cycle court au minimum, population de 25 ans et plus (%)",SE.TER.CUAT.ST.ZS,,,,,,,,,,,,,,,,,3.3199999332428,,,,,,,,,,4.46000003814697,,,,,,,,,,8.57999992370605,,,,,,,,,,,12.3100004196167,,,,17.7003326416016,,,13.6524200439453,,19.0581932067871,5.17000007629395,,,,,,,,
France,FRA,"Niveau d’éducation, études supérieures de cycle court au minimum, population de 25 ans et plus (%)",SE.TER.CUAT.ST.ZS,,,,,,,,,,,,,,,,,,,,,,,,,,,,,,,,,,,,,,,,,,,,,19.8099994659424,20.5400009155273,,22.5200004577637,22.9400005340576,22.4799995422363,24.4300003051758,25.1200008392334,25.9500007629395,27.1900005340576,28.5300006866455,30.3899993896484,29.5100002288818,30.1299991607666,31.4932537078857,32.1699981689453,33.7359504699707,35.7971343994141,34.9954490661621,37.2115631103516,,
Îles Féroé,FRO,"Niveau d’éducation, études supérieures de cycle court au minimum, population de 25 ans et plus (%)",SE.TER.CUAT.ST.ZS,,,,,,,,,,,,,,,,,,,,,,,,,,,,,,,,,,,,,,,,,,,,,,,,,,,,,,,,,,,,,,,,,,
"Micronésie, États fédérés de",FSM,"Niveau d’éducation, études supérieures de cycle court au minimum, population de 25 ans et plus (%)",SE.TER.CUAT.ST.ZS,,,,,,,,,,,,,,,,,,,,,,,,,,,,,,,,,,,,,,,,,,,,,,,,,,,,,,,24.3833770751953,,,,,,,,,,,
Gabon,GAB,"Niveau d’éducation, études supérieures de cycle court au minimum, population de 25 ans et plus (%)",SE.TER.CUAT.ST.ZS,,,,,,,,,,,,,,,,,,,,,,,,,,,,,,,,,,,,,,,,,,,,,,,,,,,,,,,,,,,,,,,,,,
Royaume-Uni,GBR,"Niveau d’éducation, études supérieures de cycle court au minimum, population de 25 ans et plus (%)",SE.TER.CUAT.ST.ZS,,,,,,,,,,,,7.92999982833862,,,,,,,,,,,,,,,,,,,,,,,,,,,,,,,,,,,,,,31.4899997711182,33.7000007629395,33.060001373291,36.9500007629395,37.8600006103516,38.9799995422363,39.7894134521484,40.5749015808105,44.0900001525879,41.593090057373,42.9992599487305,47.2400016784668,48.6699981689453,40.204963684082,41.7713317871094,,
Géorgie,GEO,"Niveau d’éducation, études supérieures de cycle court au minimum, population de 25 ans et plus (%)",SE.TER.CUAT.ST.ZS,,,,,,,,,,,,,,,,,,,,,,,,,,,,,,,,,,,,,,,,,,,25.8600006103516,,,,,,,,0.0,32.3346519470215,30.1700000762939,33.1168594360352,30.8799991607666,34.6597900390625,32.8600006103516,34.060001373291,33.872974395752,33.7000007629395,33.1648941040039,,34.0299987792969,,,
Ghana,GHA,"Niveau d’éducation, études supérieures de cycle court au minimum, population de 25 ans et plus (%)",SE.TER.CUAT.ST.ZS,,,,,,,,,,,,,,,,,,,,,,,,,,,,,,,,,,,,,,,,,,,,,,,,,,,3.13000011444092,,,7.23491907119751,,8.75286960601807,,8.2140531539917,,,,,9.19208812713623,,,
Gibraltar,GIB,"Niveau d’éducation, études supérieures de cycle court au minimum, population de 25 ans et plus (%)",SE.TER.CUAT.ST.ZS,,,,,,,,,,,,,,,,,,,,,,,,,,,,,,,,,,,,,,,,,,,,,,,,,,,,,,,,,,,,,,,,,,
Guinée,GIN,"Niveau d’éducation, études supérieures de cycle court au minimum, population de 25 ans et plus (%)",SE.TER.CUAT.ST.ZS,,,,,,,,,,,,,,,,,,,,,,,,,,,,,,,,,,,,,,,,,,,,,,,,,,,,,,,,,,,,27.5056381225586,,,,,,
Gambie,GMB,"Niveau d’éducation, études supérieures de cycle court au minimum, population de 25 ans et plus (%)",SE.TER.CUAT.ST.ZS,,,,,,,,,,,,,,,,,,,,,,,,,,,,,,,,,,,,,,,,,,,,,,,,,,,,,,,,7.5,,,7.49443769454956,,,,,9.04935646057129,,
Guinée-Bissau,GNB,"Niveau d’éducation, études supérieures de cycle court au minimum, population de 25 ans et plus (%)",SE.TER.CUAT.ST.ZS,,,,,,,,,,,,,,,,,,,,,,,,,,,,,,,,,,,,,,,,,,,,,,,,,,,,,,,,,,,4.18076419830322,4.51543283462524,,,5.86247873306274,,,
Guinée équatoriale,GNQ,"Niveau d’éducation, études supérieures de cycle court au minimum, population de 25 ans et plus (%)",SE.TER.CUAT.ST.ZS,,,,,,,,,,,,,,,,,,,,,,,,,,,,,,,,,,,,,,,,,,,,,,,,,,,,,,,,,,,,,,,,,,
Grèce,GRC,"Niveau d’éducation, études supérieures de cycle court au minimum, population de 25 ans et plus (%)",SE.TER.CUAT.ST.ZS,,,,,,,,,,,,,,,,,,,,,,7.59999990463257,,,,,,,,,,8.69999980926514,,,,,,,,,,,,,,,17.9099998474121,18.9899997711182,19.2199993133545,,20.0300006866455,20.1706314086914,20.3082904815674,20.8840751647949,23.0300006866455,23.7099990844727,21.2000007629395,25.2617263793945,25.9468765258789,26.1221084594727,26.8099994659424,28.9231376647949,29.5355205535889,,,
Grenade,GRD,"Niveau d’éducation, études supérieures de cycle court au minimum, population de 25 ans et plus (%)",SE.TER.CUAT.ST.ZS,,,,,,,,,,,,,,,,,,,,,,,,,,,,,,,,,,,,,,,,,,,,,,,,,,,,,,,,,,,11.8481788635254,14.0031547546387,16.3367195129395,,,,,
Groenland,GRL,"Niveau d’éducation, études supérieures de cycle court au minimum, population de 25 ans et plus (%)",SE.TER.CUAT.ST.ZS,,,,,,,,,,,,,,,,,,,,,,,,,,,,,,,,,,,,,,,,,,,,,,,,,,,,,,,,,,,,,,,,,,
Guatemala,GTM,"Niveau d’éducation, études supérieures de cycle court au minimum, population de 25 ans et plus (%)",SE.TER.CUAT.ST.ZS,,,,,,,,,,,,,,1.20000004768372,,,,,,,,2.20000004768372,,,,,,,,,,,,,,,,,,,,,3.61999988555908,,,,3.41000008583069,,,,3.42434024810791,3.22300148010254,2.5699999332428,2.85999989509583,8.52999973297119,,4.06351566314697,4.28620624542236,3.87600088119507,4.51000022888184,,4.84766530990601,5.68785333633423,,,
Guam,GUM,"Niveau d’éducation, études supérieures de cycle court au minimum, population de 25 ans et plus (%)",SE.TER.CUAT.ST.ZS,,,,,,,,,,,,,,,,,,,,,,,,,,,,,,,,,,,,,,,,,,,,,,,,,,,,,,,,,,,,,,,,,,
Guyana,GUY,"Niveau d’éducation, études supérieures de cycle court au minimum, population de 25 ans et plus (%)",SE.TER.CUAT.ST.ZS,,,,,,,,,,,,,,,,,,,,,,,,,,,,,,,,,,,,,,,,,,,0.200000002980232,,,,,,,,,,,,,,,,5.77946853637695,6.02126455307007,,,,,,
Revenu élevé,HIC,"Niveau d’éducation, études supérieures de cycle court au minimum, population de 25 ans et plus (%)",SE.TER.CUAT.ST.ZS,,,,,,,,,,,,,,,,,,,,,,,,,,,,,,,,,,,,,,,,,,,,,,,,,,,,,,,,,,,,,,,,,,
"Chine, RAS de Hong Kong",HKG,"Niveau d’éducation, études supérieures de cycle court au minimum, population de 25 ans et plus (%)",SE.TER.CUAT.ST.ZS,,,,,,,,,,,,,,,,,,,,,,,,,,,,,,,,,,,,,,,,,,,,,,,15.210000038147,,15.710000038147,16.3799991607666,17.2099990844727,18.6900005340576,19.2601566314697,19.8129577636719,20.5499992370605,21.7299995422363,22.2420539855957,22.9099998474121,23.4531574249268,23.4599990844727,23.8153190612793,23.6027889251709,24.1000003814697,24.8486557006836,,
Honduras,HND,"Niveau d’éducation, études supérieures de cycle court au minimum, population de 25 ans et plus (%)",SE.TER.CUAT.ST.ZS,,,,,,,,,,,,,,,1.04999995231628,,,,,,,,,,,,,,,,,,,,,,,,,,,,,,,,,7.3600001335144,,,4.64171838760376,8.02999973297119,7.1399998664856,4.96550941467285,9.77000045776367,9.67000007629395,10.789999961853,5.9344277381897,9.75,10.039999961853,,3.99695324897766,3.77224898338318,0.460190951824188,,
Pays pauvres très endettés (PPTE),HPC,"Niveau d’éducation, études supérieures de cycle court au minimum, population de 25 ans et plus (%)",SE.TER.CUAT.ST.ZS,,,,,,,,,,,,,,,,,,,,,,,,,,,,,,,,,,,,,,,,,,,,,,,,,,,,,,,,,,,,,,,,,,
Croatie,HRV,"Niveau d’éducation, études supérieures de cycle court au minimum, population de 25 ans et plus (%)",SE.TER.CUAT.ST.ZS,,,,,,,,,,,,,,,,,,,,,,,,,,,,,,,,6.42000007629395,,,,,,,,,,13.960000038147,,,,,,,,,16.7031078338623,18.2900009155273,16.620698928833,17.8137111663818,19.0640392303467,20.5588092803955,20.9525012969971,21.5873222351074,22.835412979126,22.5772476196289,22.9585609436035,22.8622570037842,22.746280670166,,,
Haïti,HTI,"Niveau d’éducation, études supérieures de cycle court au minimum, population de 25 ans et plus (%)",SE.TER.CUAT.ST.ZS,,,,,,,,,,,,,,,,,,,,,,,,,,,,,,,,,,,,,,,,,,,,,,,,,,,,,9.34901332855225,,,,,,,,,,,,,
Hongrie,HUN,"Niveau d’éducation, études supérieures de cycle court au minimum, population de 25 ans et plus (%)",SE.TER.CUAT.ST.ZS,,,,,,,,,,,5.07999992370605,,,,,,,,,,6.98000001907349,,,,,,,,,,10.1000003814697,,,,,,,,,,,12.6400003433228,,,,14.6899995803833,,,,18.7399997711182,18.9899997711182,20.0300006866455,21.0100002288818,21.4599990844727,20.8799991607666,21.6700000762939,21.3999996185303,21.7270374298096,22.7498626708984,23.5781879425049,25.0,26.6312389373779,26.8596343994141,,,
BIRD seulement,IBD,"Niveau d’éducation, études supérieures de cycle court au minimum, population de 25 ans et plus (%)",SE.TER.CUAT.ST.ZS,,,,,,,,,,,,,,,,,,,,,,,,,,,,,,,,,,,,,,,,,,,,,,,,,,,,,,,,,,,,,,,,,,
BIRD et IDA,IBT,"Niveau d’éducation, études supérieures de cycle court au minimum, population de 25 ans et plus (%)",SE.TER.CUAT.ST.ZS,,,,,,,,,,,,,,,,,,,,,,,,,,,,,,,,,,,,,,,,,,,,,,,,,,,,,,,,,,,,,,,,,,
IDA totale,IDA,"Niveau d’éducation, études supérieures de cycle court au minimum, population de 25 ans et plus (%)",SE.TER.CUAT.ST.ZS,,,,,,,,,,,,,,,,,,,,,,,,,,,,,,,,,,,,,,,,,,,,,,,,,,,,,,,,,,,,,,,,,,
IDA mélange,IDB,"Niveau d’éducation, études supérieures de cycle court au minimum, population de 25 ans et plus (%)",SE.TER.CUAT.ST.ZS,,,,,,,,,,,,,,,,,,,,,,,,,,,,,,,,,,,,,,,,,,,,,,,,,,,,,,,,,,,,,,,,,,
Indonésie,IDN,"Niveau d’éducation, études supérieures de cycle court au minimum, population de 25 ans et plus (%)",SE.TER.CUAT.ST.ZS,,,,,,,,,,,,0.449999988079071,,,,,,,,,0.800000011920929,,,,,,,,,,2.3199999332428,,,,,,,,,,,,,,,,6.94999980926514,4.5,4.32000017166138,7.5,7.36926984786987,7.88000011444092,8.36978340148926,8.73048686981201,8.64999961853027,9.25,9.39999961853027,11.0368995666504,9.98999977111816,11.4940977096558,11.0299997329712,12.1840791702271,12.1126089096069,11.6762638092041,,
IDA seulement,IDX,"Niveau d’éducation, études supérieures de cycle court au minimum, population de 25 ans et plus (%)",SE.TER.CUAT.ST.ZS,,,,,,,,,,,,,,,,,,,,,,,,,,,,,,,,,,,,,,,,,,,,,,,,,,,,,,,,,,,,,,,,,,
Île de Man,IMN,"Niveau d’éducation, études supérieures de cycle court au minimum, population de 25 ans et plus (%)",SE.TER.CUAT.ST.ZS,,,,,,,,,,,,,,,,,,,,,,,,,,,,,,,,,,,,,,,,,,,,,,,,,,,,,,,,,,,,,,,,,,
Inde,IND,"Niveau d’éducation, études supérieures de cycle court au minimum, population de 25 ans et plus (%)",SE.TER.CUAT.ST.ZS,,,,,,,,,,,,,,,,,,,,,,,,,,,,,,,,,,,,,,,,,,,,,,,,,,,8.0265474319458,9.89000034332275,8.9182186126709,,,,,,,,,12.3699245452881,,,,
Non classifié,INX,"Niveau d’éducation, études supérieures de cycle court au minimum, population de 25 ans et plus (%)",SE.TER.CUAT.ST.ZS,,,,,,,,,,,,,,,,,,,,,,,,,,,,,,,,,,,,,,,,,,,,,,,,,,,,,,,,,,,,,,,,,,
Irlande,IRL,"Niveau d’éducation, études supérieures de cycle court au minimum, population de 25 ans et plus (%)",SE.TER.CUAT.ST.ZS,,,,,,,,,,,,,,,,,,,,,,,,,,,,,,,,,,,,,,,,,,,,,,,30.7600002288818,,,,34.1610641479492,31.7999992370605,36.0785026550293,37.4390182495117,38.1916961669922,39.0937576293945,39.4379806518555,36.6599998474121,41.1346549987793,41.4367713928223,43.654727935791,45.9648818969727,46.6029243469238,,,
"Iran, République islamique d’",IRN,"Niveau d’éducation, études supérieures de cycle court au minimum, population de 25 ans et plus (%)",SE.TER.CUAT.ST.ZS,,,,,,,,,,,,,,,,,,,,,,,,,,,,,,,,,,,,,,,,,,,,,,,16.1700000762939,,15.7700004577637,,18.5300006866455,8.55564498901367,19.7999992370605,21.3099994659424,21.7299995422363,7.70772266387939,23.0599994659424,0.0,20.9955539703369,21.5227222442627,21.4981384277344,21.930154800415,22.3522529602051,,,
Iraq,IRQ,"Niveau d’éducation, études supérieures de cycle court au minimum, population de 25 ans et plus (%)",SE.TER.CUAT.ST.ZS,,,,,,,,,,,,,,,,,,,,,,,,,,,,,,,,,,,,,,,,,,,,,,,,,,,,,15.268651008606,10.7399997711182,,,,,,,,16.5937824249268,,,,
Islande,ISL,"Niveau d’éducation, études supérieures de cycle court au minimum, population de 25 ans et plus (%)",SE.TER.CUAT.ST.ZS,,,,,,,,,,,,,,,,,,,,,,,,,,,,,,,,,,,,,,,,,,,,,,28.9200000762939,,,,,30.4715995788574,31.5342216491699,33.1397552490234,33.9702949523926,34.9452209472656,36.2653427124023,37.8005638122559,39.5793151855469,41.2595596313477,38.3499984741211,38.7299995422363,38.2623634338379,38.3449935913086,,,
Israël,ISR,"Niveau d’éducation, études supérieures de cycle court au minimum, population de 25 ans et plus (%)",SE.TER.CUAT.ST.ZS,,,,,,,,,,,,,14.7700004577637,,,,,,,,,,23.1000003814697,11.1999998092651,,,,,,,,,,,,,,,,,,,,,28.2099990844727,,41.0699996948242,41.7900009155273,,42.7999992370605,43.25,44.0800018310547,44.6699981689453,45.4199981689453,46.7900009155273,47.0699996948242,33.9819717407227,34.8950538635254,35.7983818054199,36.2310218811035,36.5067901611328,37.2001266479492,38.054126739502,,,
Italie,ITA,"Niveau d’éducation, études supérieures de cycle court au minimum, population de 25 ans et plus (%)",SE.TER.CUAT.ST.ZS,,,,,,,,,,,,2.57999992370605,,,,,,,,,,4.09999990463257,,,,,,,,,,,,,,,,,,,,9.35999965667725,,,,10.0600004196167,10.5600004196167,11.1000003814697,11.710000038147,11.8599996566772,12.1300001144409,12.2200002670288,12.75,13.5516328811646,13.8500003814697,14.3500003814697,14.6780729293823,15.5575828552246,16.1599979400635,16.4208145141602,16.5699996948242,16.3516635894775,16.5768356323242,,,
Jamaïque,JAM,"Niveau d’éducation, études supérieures de cycle court au minimum, population de 25 ans et plus (%)",SE.TER.CUAT.ST.ZS,,,,,,,,,,,,,,,,,,,,,,,,,,,,,,,,,,,,,,,,,,,,,,,,,,,12.7672529220581,15.1452522277832,15.3731088638306,15.7784595489502,15.8919658660889,,16.4867172241211,16.6312789916992,16.5419578552246,17.1802978515625,16.959436416626,14.706015586853,14.8310489654541,,,
Jordanie,JOR,"Niveau d’éducation, études supérieures de cycle court au minimum, population de 25 ans et plus (%)",SE.TER.CUAT.ST.ZS,,,,,,,,,,,,,,,,,,,,,,,,,,,,,,,,,,,,,,,,,,,,1.4099999666214,,,,,15.9300003051758,,16.1800003051758,,,,,,,,22.8400001525879,,22.6900005340576,,,22.0200004577637,,
Japon,JPN,"Niveau d’éducation, études supérieures de cycle court au minimum, population de 25 ans et plus (%)",SE.TER.CUAT.ST.ZS,,,,,,,,,,,9.47999954223633,,,,,,,,,,14.3100004196167,,,,,,,,,,21.1299991607666,,,,,,,,,,,,,,,,,,,,34.4000015258789,,,,,,,,,,,,,,,
Kazakhstan,KAZ,"Niveau d’éducation, études supérieures de cycle court au minimum, population de 25 ans et plus (%)",SE.TER.CUAT.ST.ZS,,,,,,,,,,,,,,,,,,,,,,,,,,,,,,,,,,,,,,,,,,,,,,,,,,52.3800010681152,,,,,,,,,73.9100036621094,,,,,,,
Kenya,KEN,"Niveau d’éducation, études supérieures de cycle court au minimum, population de 25 ans et plus (%)",SE.TER.CUAT.ST.ZS,,,,,,,,,,,,,,,,,,,,,,,,,,,,,,,,,,,,,,,,,,,,,,,,,,2.1800000667572,,,,,,,4.31330251693726,,,4.40344524383545,,5.67963123321533,,,,
République kirghize,KGZ,"Niveau d’éducation, études supérieures de cycle court au minimum, population de 25 ans et plus (%)",SE.TER.CUAT.ST.ZS,,,,,,,,,,,,,,,,,,,,,,,,,,,,,,,,,,,,,,,,14.8699998855591,,,,,,,,,,17.6200008392334,,,,,20.1482944488525,20.6383514404297,20.9337825775146,20.3298149108887,22.8421211242676,,,,,,,
Cambodge,KHM,"Niveau d’éducation, études supérieures de cycle court au minimum, population de 25 ans et plus (%)",SE.TER.CUAT.ST.ZS,,,,,,,,,,,,,,,,,,,,,,,,,,,,,,,,,,,,,,,,,,,,,,,,1.64999997615814,,,2.61093783378601,2.93868064880371,3.22209143638611,3.94702243804932,5.48000001907349,5.48999977111816,6.7204852104187,5.34396886825562,,5.48189115524292,6.2653431892395,5.42940473556519,,,,
Kiribati,KIR,"Niveau d’éducation, études supérieures de cycle court au minimum, population de 25 ans et plus (%)",SE.TER.CUAT.ST.ZS,,,,,,,,,,,,,,,,,,,,,,,,,,,,,,,,,,,,,,,,,,,,,,,,,,,,,,,,2.43932390213013,,,,4.06036996841431,4.99810695648193,,,,,
Saint-Kitts-et-Nevis,KNA,"Niveau d’éducation, études supérieures de cycle court au minimum, population de 25 ans et plus (%)",SE.TER.CUAT.ST.ZS,,,,,,,,,,,,,,,,,,,,,,,,,,,,,,,,,,,,,,,,,,,,,,,,,,,,,,,,,,,,,,,,,,
"Corée, République de",KOR,"Niveau d’éducation, études supérieures de cycle court au minimum, population de 25 ans et plus (%)",SE.TER.CUAT.ST.ZS,,,,,,,,,,,5.73999977111816,,,,,6.90000009536743,,,,,8.90999984741211,,,,,11.710000038147,,,,,13.3999996185303,,,,,20.8299999237061,,,,,24.0499992370605,,,,,31.5900001525879,,,,28.0100002288818,35.3199996948242,39.3404541015625,40.2923393249512,41.3201675415039,42.3194923400879,40.2999992370605,43.6879920959473,44.3815803527832,45.3113746643066,46.005802154541,46.4535713195801,46.9363212585449,47.5099182128906,48.6515121459961,,
Koweït,KWT,"Niveau d’éducation, études supérieures de cycle court au minimum, population de 25 ans et plus (%)",SE.TER.CUAT.ST.ZS,,,,,,,,,,,4.59999990463257,,,,,6.59999990463257,,,,,10.0900001525879,,,,,12.6599998474121,,,16.3899993896484,,,,,,,,,,,,,,,,,13.5100002288818,13.1499996185303,12.8199996948242,13.1800003051758,,,,16.5,13.7700004577637,,15.0200004577637,,17.3899993896484,18.5100002288818,,,,,,,
Amérique latine et Caraïbes (hors revenu élevé),LAC,"Niveau d’éducation, études supérieures de cycle court au minimum, population de 25 ans et plus (%)",SE.TER.CUAT.ST.ZS,,,,,,,,,,,,,,,,,,,,,,,,,,,,,,,,,,,,,,,,,,,,,,,,,,,,,,,,,,,,,,,,,,
République démocratique populaire lao,LAO,"Niveau d’éducation, études supérieures de cycle court au minimum, population de 25 ans et plus (%)",SE.TER.CUAT.ST.ZS,,,,,,,,,,,,,,,,,,,,,,,,,,,,,,,,,,,,,,,,,,,,,,,,,,,8.42597675323486,,,,,,,7.39828205108643,,,,,9.60346221923828,,,
Liban,LBN,"Niveau d’éducation, études supérieures de cycle court au minimum, population de 25 ans et plus (%)",SE.TER.CUAT.ST.ZS,,,,,,,,,,,3.09999990463257,,,,,,,,,,,,,,,,,,,,,,,,,,,,,,,,,,,,,15.3599996566772,,,,,,,,,,,37.2099990844727,25.4499626159668,,,,,,
Libéria,LBR,"Niveau d’éducation, études supérieures de cycle court au minimum, population de 25 ans et plus (%)",SE.TER.CUAT.ST.ZS,,,,,,,,,,,,,,,,,,,,,,,,,,,,,,,,,,,,,,,,,,,,,,,,,,,3.01420068740845,,,,5.47951793670654,,4.89192819595337,5.3762264251709,,,,,,,,
Libye,LBY,"Niveau d’éducation, études supérieures de cycle court au minimum, population de 25 ans et plus (%)",SE.TER.CUAT.ST.ZS,,,,,,,,,,,,,,,,,,,,,,,,,,,,,,,,,,,,,,,,,,,,,,,,,,,,,,,,,,,,,,,,,,
Sainte-Lucie,LCA,"Niveau d’éducation, études supérieures de cycle court au minimum, population de 25 ans et plus (%)",SE.TER.CUAT.ST.ZS,,,,,,,,,,,,,,,,,,,,,,,,,,,,,,,,3.40000009536743,,,,,,,,,,,,,,,,,,,4.44999980926514,,,10.2399997711182,,,,33.5136070251465,18.1778430938721,9.25,16.4975547790527,18.5612354278564,18.9654407501221,,,
Amérique latine et Caraïbes,LCN,"Niveau d’éducation, études supérieures de cycle court au minimum, population de 25 ans et plus (%)",SE.TER.CUAT.ST.ZS,,,,,,,,,,,,,,,,,,,,,,,,,,,,,,,,,,,,,,,,,,,,,,,,,,,,,,,,,,,,,,,,,,
Pays les moins avancés: classement de l’ONU,LDC,"Niveau d’éducation, études supérieures de cycle court au minimum, population de 25 ans et plus (%)",SE.TER.CUAT.ST.ZS,,,,,,,,,,,,,,,,,,,,,,,,,,,,,,,,,,,,,,,,,,,,,,,,,,,,,,,,,,,,,,,,,,
Faible revenu,LIC,"Niveau d’éducation, études supérieures de cycle court au minimum, population de 25 ans et plus (%)",SE.TER.CUAT.ST.ZS,,,,,,,,,,,,,,,,,,,,,,,,,,,,,,,,,,,,,,,,,,,,,,,,,,,,,,,,,,,,,,,,,,
Liechtenstein,LIE,"Niveau d’éducation, études supérieures de cycle court au minimum, population de 25 ans et plus (%)",SE.TER.CUAT.ST.ZS,,,,,,,,,,,,,,,,,,,,,,,,,,,,,,,,,,,,,,,,,,,,,,,,,,,,,,,,,,,,,,,,,,
Sri Lanka,LKA,"Niveau d’éducation, études supérieures de cycle court au minimum, population de 25 ans et plus (%)",SE.TER.CUAT.ST.ZS,,,,,,,,,,,,2.25999999046326,,,,,,,,,,1.05999994277954,,,,,,,,,,,,,,,,,,,,35.2999992370605,,,,,27.0900001525879,28.6499996185303,29.2999992370605,29.6399993896484,2.74387383460999,3.02867603302002,,3.4195396900177,3.56120944023132,3.7846667766571,4.05999994277954,4.23999977111816,4.3899998664856,4.51999998092651,4.82000017166138,5.03000020980835,5.1100001335144,,,
"Revenu intermédiaire, tranche inférieure",LMC,"Niveau d’éducation, études supérieures de cycle court au minimum, population de 25 ans et plus (%)",SE.TER.CUAT.ST.ZS,,,,,,,,,,,,,,,,,,,,,,,,,,,,,,,,,,,,,,,,,,,,,,,,,,,,,,,,,,,,,,,,,,
Revenu faible et intermédiaire,LMY,"Niveau d’éducation, études supérieures de cycle court au minimum, population de 25 ans et plus (%)",SE.TER.CUAT.ST.ZS,,,,,,,,,,,,,,,,,,,,,,,,,,,,,,,,,,,,,,,,,,,,,,,,,,,,,,,,,,,,,,,,,,
Lesotho,LSO,"Niveau d’éducation, études supérieures de cycle court au minimum, population de 25 ans et plus (%)",SE.TER.CUAT.ST.ZS,,,,,,,,,,,,,,,,,0.119999997317791,,,,,,,,,,,,,,,,,,,,,,,,,,,,,,1.54999995231628,,1.88999998569489,,,,,,,,,,,5.98717069625854,,,,,,
de dividende tardif démographique,LTE,"Niveau d’éducation, études supérieures de cycle court au minimum, population de 25 ans et plus (%)",SE.TER.CUAT.ST.ZS,,,,,,,,,,,,,,,,,,,,,,,,,,,,,,,,,,,,,,,,,,,,,,,,,,,,,,,,,,,,,,,,,,
Lituanie,LTU,"Niveau d’éducation, études supérieures de cycle court au minimum, population de 25 ans et plus (%)",SE.TER.CUAT.ST.ZS,,,,,,,,,,,,,,,,,,,,,,,,,,,,,,12.6099996566772,,,,,,,,,,,,,,,,22.6100006103516,23.4400005340576,25.6900005340576,26.3600006103516,26.7800006866455,28.0699996948242,29.2900009155273,29.3299999237061,29.8799991607666,,,,,35.9517211914062,37.3273239135742,,40.1166534423828,41.4149131774902,,,
Luxembourg,LUX,"Niveau d’éducation, études supérieures de cycle court au minimum, population de 25 ans et plus (%)",SE.TER.CUAT.ST.ZS,,,,,,,,,,,,,,,,,,,,,,,,,,,,,,,,,,,,,,,,,,15.3299999237061,,19.6900005340576,,,,23.4799995422363,,32.9000015258789,33.1699981689453,34.9500007629395,36.7599983215332,38.9300003051758,43.1300010681152,34.2799987792969,38.8767700195312,35.4879417419434,39.6707649230957,42.4605712890625,42.3064155578613,45.6018180847168,46.8930435180664,,,
Lettonie,LVA,"Niveau d’éducation, études supérieures de cycle court au minimum, population de 25 ans et plus (%)",SE.TER.CUAT.ST.ZS,,,,,,,,,,,,,,,,,,,,,,,,,,,,,,,,,,,,,,,,,,,,,18.9400005340576,19.8799991607666,24.2800006866455,21.2600002288818,23.9599990844727,24.8700008392334,25.25,25.9200000762939,27.2099990844727,29.2399997711182,28.7299995422363,29.7700004577637,31.3899993896484,31.7605743408203,33.0699996948242,33.9799995422363,35.8461418151855,34.5072402954102,35.2121810913086,37.1827659606934,,
"Région administrative spéciale de Macao, Chine",MAC,"Niveau d’éducation, études supérieures de cycle court au minimum, population de 25 ans et plus (%)",SE.TER.CUAT.ST.ZS,,,,,,,,,,,,,,,,,,,,,,,,,,,,,,,,5.94999980926514,,,,,,,,,,10.0900001525879,,,,,12.5799999237061,,,,,17.3600006103516,,,33.0235557556152,,23.8600006103516,,,,,,,,,
Saint-Martin (fr),MAF,"Niveau d’éducation, études supérieures de cycle court au minimum, population de 25 ans et plus (%)",SE.TER.CUAT.ST.ZS,,,,,,,,,,,,,,,,,,,,,,,,,,,,,,,,,,,,,,,,,,,,,,,,,,,,,,,,,,,,,,,,,,
Maroc,MAR,"Niveau d’éducation, études supérieures de cycle court au minimum, population de 25 ans et plus (%)",SE.TER.CUAT.ST.ZS,,,,,,,,,,,,,,,,,,,,,,,,,,,,,,,,,,,,,,,,,,,,,,,,,,,,,,,3.71443510055542,,,,,,,,,,,
Monaco,MCO,"Niveau d’éducation, études supérieures de cycle court au minimum, population de 25 ans et plus (%)",SE.TER.CUAT.ST.ZS,,,,,,,,,,,,,,,,,,,,,,,,,,,,,,,,,,,,,,,,,,,,,,,,,,,,,,,,,53.0673828125,,,,,,,,,
Moldova,MDA,"Niveau d’éducation, études supérieures de cycle court au minimum, population de 25 ans et plus (%)",SE.TER.CUAT.ST.ZS,,,,,,,,,,,,,,,,,,,,,,,,,,,,,,,,,,,,,,,,,,,,,,,,30.5699996948242,30.9300003051758,31.5200004577637,31.6700000762939,32.8199996948242,18.8664798736572,33.0800018310547,33.5200004577637,33.0699996948242,18.8268280029297,18.9358177185059,33.5099983215332,34.1699981689453,34.2599983215332,34.1599998474121,34.3199996948242,,,
Madagascar,MDG,"Niveau d’éducation, études supérieures de cycle court au minimum, population de 25 ans et plus (%)",SE.TER.CUAT.ST.ZS,,,,,,,,,,,,,,,,,,,,,,,,,,,,,,,,,,,,,,,,,,,,,,,,,,,,,6.56278657913208,,,6.07592058181763,,,4.71000003814697,,,,,,,
Maldives,MDV,"Niveau d’éducation, études supérieures de cycle court au minimum, population de 25 ans et plus (%)",SE.TER.CUAT.ST.ZS,,,,,,,,,,,,,,,,,,,,,,,,,,,,,,,,,,,,,,,,,,,,,,,1.74000000953674,,,,,,,,1.41427206993103,,8.53483390808105,,,10.9565267562866,,,,,,
Afrique du Nord et Moyen-Orient,MEA,"Niveau d’éducation, études supérieures de cycle court au minimum, population de 25 ans et plus (%)",SE.TER.CUAT.ST.ZS,,,,,,,,,,,,,,,,,,,,,,,,,,,,,,,,,,,,,,,,,,,,,,,,,,,,,,,,,,,,,,,,,,
Mexique,MEX,"Niveau d’éducation, études supérieures de cycle court au minimum, population de 25 ans et plus (%)",SE.TER.CUAT.ST.ZS,,,,,,,,,,,,,,,,,,,,,5.32999992370605,,,,,,,,,,9.17000007629395,,,,,,,,,,9.02999973297119,,,,12.539999961853,12.1099996566772,14.9099998474121,14.4499998092651,14.460000038147,15.4799995422363,14.4200000762939,13.7109308242798,16.3099994659424,14.7799997329712,14.4300003051758,16.2700004577637,15.1499996185303,15.8199996948242,16.4500007629395,16.5131149291992,18.7700004577637,18.3071022033691,18.5101623535156,18.7779369354248,,
Îles Marshall,MHL,"Niveau d’éducation, études supérieures de cycle court au minimum, population de 25 ans et plus (%)",SE.TER.CUAT.ST.ZS,,,,,,,,,,,,,,,,,,,,,,,,,,,,,,,,,,,,,,,,,,,,,,,,,,,,,,,,,,,,17.2684707641602,,8.81457328796387,,,,
Revenu intermédiaire,MIC,"Niveau d’éducation, études supérieures de cycle court au minimum, population de 25 ans et plus (%)",SE.TER.CUAT.ST.ZS,,,,,,,,,,,,,,,,,,,,,,,,,,,,,,,,,,,,,,,,,,,,,,,,,,,,,,,,,,,,,,,,,,
Macédoine du Nord,MKD,"Niveau d’éducation, études supérieures de cycle court au minimum, population de 25 ans et plus (%)",SE.TER.CUAT.ST.ZS,,,,,,,,,,,,,,,,,,,,,,,,,,,,,,,,,,,,,,,,,,,,,,,,,,,14.9238538742065,16.5935325622559,17.0634117126465,16.3386421203613,16.9953308105469,18.147481918335,19.5501728057861,19.6310558319092,19.2690391540527,19.968168258667,21.9599990844727,21.908203125,22.3389186859131,22.3899021148682,,
Mali,MLI,"Niveau d’éducation, études supérieures de cycle court au minimum, population de 25 ans et plus (%)",SE.TER.CUAT.ST.ZS,,,,,,,,,,,,,,,,,0.209999993443489,,,,,,,,,,,,,,,,,,,,,,,,,,,,,,,,,,,,,1.63700008392334,1.94754087924957,2.95000004768372,2.05999994277954,2.21284365653992,2.80999994277954,4.11905813217163,2.36999988555908,,3.8989531993866,,,
Malte,MLT,"Niveau d’éducation, études supérieures de cycle court au minimum, population de 25 ans et plus (%)",SE.TER.CUAT.ST.ZS,,,,,,,,,,,,,,,,,,,,,,,,,,,,,,,,,,,,,,,,,2.64000010490417,,,,,10.789999961853,,11.1999998092651,,,12.2200002670288,13.4899997711182,13.9899997711182,16.1399993896484,16.4599990844727,16.4400005340576,16.7800006866455,20.1807231903076,22.1200008392334,24.5353012084961,25.3400001525879,26.1687049865723,26.167200088501,,,
Myanmar,MMR,"Niveau d’éducation, études supérieures de cycle court au minimum, population de 25 ans et plus (%)",SE.TER.CUAT.ST.ZS,,,,,,,,,,,,,,0.200000002980232,,,,,,,,,,2.0,,,,,,,,,,,,,,,,,,,,,,,,,,,,,,,,0.17549841105938,,8.17843532562256,8.63147640228271,9.35000038146973,28.9057941436768,,,,,
Afrique du Nord et Moyen-Orient (hors revenu élevé),MNA,"Niveau d’éducation, études supérieures de cycle court au minimum, population de 25 ans et plus (%)",SE.TER.CUAT.ST.ZS,,,,,,,,,,,,,,,,,,,,,,,,,,,,,,,,,,,,,,,,,,,,,,,,,,,,,,,,,,,,,,,,,,
Monténégro,MNE,"Niveau d’éducation, études supérieures de cycle court au minimum, population de 25 ans et plus (%)",SE.TER.CUAT.ST.ZS,,,,,,,,,,,,,,,,,,,,,,,,,,,,,,,,,,,,,,,,,,,,15.4399995803833,,,,,,,,19.5699996948242,18.8036117553711,20.1796398162842,21.8571548461914,21.7173919677734,23.6302623748779,23.1528968811035,22.3105792999268,23.8346271514893,23.6662845611572,59.2587928771973,,,,
Mongolie,MNG,"Niveau d’éducation, études supérieures de cycle court au minimum, population de 25 ans et plus (%)",SE.TER.CUAT.ST.ZS,,,,,,,,,,,,,,,,,,,,,,,,,,,,,,,,,,,,,,,,,,,,,,,,,,,,,,26.5189304351807,26.716423034668,29.1100387573242,29.1731624603271,29.9934101104736,38.6020545959473,40.1022109985352,34.1500015258789,40.7152252197266,38.6003150939941,,,
Mariannes,MNP,"Niveau d’éducation, études supérieures de cycle court au minimum, population de 25 ans et plus (%)",SE.TER.CUAT.ST.ZS,,,,,,,,,,,,,,,,,,,,,,,,,,,,,,,,,,,,,,,,,,,,,,,,,,,,,,,,,,,,,,,,,,
Mozambique,MOZ,"Niveau d’éducation, études supérieures de cycle court au minimum, population de 25 ans et plus (%)",SE.TER.CUAT.ST.ZS,,,,,,,,,,,,,,,,,,,,,,,,,,,,,,,,,,,,,,,,,,,,,,,,,,1.5,,1.92999994754791,,,,1.80999994277954,,1.97000002861023,,,5.05000019073486,,,,,
Mauritanie,MRT,"Niveau d’éducation, études supérieures de cycle court au minimum, population de 25 ans et plus (%)",SE.TER.CUAT.ST.ZS,,,,,,,,,,,,,,,,,,,,,,,,,,,,,,,,,,,,,,,,,,,,,,,,,,,,,4.30885934829712,2.84999990463257,,,,5.1843113899231,,3.29023408889771,,,,,,
Maurice,MUS,"Niveau d’éducation, études supérieures de cycle court au minimum, population de 25 ans et plus (%)",SE.TER.CUAT.ST.ZS,,,,,,,,,,,,,,,,,,,,,,,,,,,,,,,,,,,,,,,,,2.64000010490417,,,,,,,,,,5.62157392501831,5.28000020980835,10.2684535980225,11.3280029296875,12.6758489608765,13.1679887771606,12.5269823074341,12.9785232543945,14.032244682312,14.4589576721191,15.8779220581055,0.0,,,,
Malawi,MWI,"Niveau d’éducation, études supérieures de cycle court au minimum, population de 25 ans et plus (%)",SE.TER.CUAT.ST.ZS,,,,,,,,,,,,,,,,,,,,,,,,,,,,,,,,,,,,,,,0.490000009536743,,,,,,,,,,,,,1.02477431297302,,3.11218810081482,,,,1.20838928222656,,,2.01100015640259,,,,,
Malaisie,MYS,"Niveau d’éducation, études supérieures de cycle court au minimum, population de 25 ans et plus (%)",SE.TER.CUAT.ST.ZS,,,,,,,,,,,,,,,,,,,,,,,,,,,,,,,,,,,,,,,,,8.32999992370605,,,,,,,,,,,,,,,,18.8400001525879,23.7346611022949,24.3440055847168,20.2900009155273,26.4193744659424,28.7113800048828,23.3400001525879,,,
Amérique du Nord,NAC,"Niveau d’éducation, études supérieures de cycle court au minimum, population de 25 ans et plus (%)",SE.TER.CUAT.ST.ZS,,,,,,,,,,,,,,,,,,,,,,,,,,,,,,,,,,,,,,,,,,,,,,,,,,,,,,,,,,,,,,,,,,
Namibie,NAM,"Niveau d’éducation, études supérieures de cycle court au minimum, population de 25 ans et plus (%)",SE.TER.CUAT.ST.ZS,,,,,,,,,,,,,,,,,,,,,,,,,,,,,,,,,,,,,,,,,,2.29999995231628,,,,,,,,,8.25161838531494,,6.58674764633179,7.25425338745117,6.8187837600708,,13.7016696929932,,,,,,,,,
Nouvelle-Calédonie,NCL,"Niveau d’éducation, études supérieures de cycle court au minimum, population de 25 ans et plus (%)",SE.TER.CUAT.ST.ZS,,,,,,,,,,,,,,,,,,,,,,,,,,,,,,,,,,,,,,,,,,,,,,,,,,,,,,,0.0,,,,,,,,30.2116374969482,,,
Niger,NER,"Niveau d’éducation, études supérieures de cycle court au minimum, population de 25 ans et plus (%)",SE.TER.CUAT.ST.ZS,,,,,,,,,,,,,,,,,,0.200000002980232,,,,,,,,,,,,,,,,,,,,,,,,,,,,,,,,,,1.37539529800415,1.70000004768372,,1.1348649263382,,,1.61767506599426,,1.09039509296417,,,1.27102863788605,,,
Nigéria,NGA,"Niveau d’éducation, études supérieures de cycle court au minimum, population de 25 ans et plus (%)",SE.TER.CUAT.ST.ZS,,,,,,,,,,,,,,,,,,,,,,,,,,,,,,,,,,,,,,,,,,,,,,,17.3500003814697,,,,,,,,,,13.9875192642212,,,16.2004776000977,,,8.37074947357178,,,
Nicaragua,NIC,"Niveau d’éducation, études supérieures de cycle court au minimum, population de 25 ans et plus (%)",SE.TER.CUAT.ST.ZS,,,,,,,,,,,,,,,,,,,,,,,,,,,,,,,,,,,,,,,,,,,,,,,,,,,,,9.3018627166748,,,,,,,,,,,,,
Pays-Bas,NLD,"Niveau d’éducation, études supérieures de cycle court au minimum, population de 25 ans et plus (%)",SE.TER.CUAT.ST.ZS,,,,,,,,,,,,,,,,,,,,,,,,,,,,,,,,,,,,,,,,,,,,,26.75,26.1299991607666,,27.7600002288818,27.4799995422363,28.1700000762939,28.8199996948242,28.6200008392334,29.2800006866455,29.8799991607666,30.2700004577637,30.9599990844727,31.5100002288818,32.266716003418,33.0400009155273,34.7184371948242,36.7200012207031,37.7395439147949,38.8206634521484,,,
Norvège,NOR,"Niveau d’éducation, études supérieures de cycle court au minimum, population de 25 ans et plus (%)",SE.TER.CUAT.ST.ZS,,,,,,,,,,,7.36999988555908,,,,,9.10000038146973,,,,,11.9399995803833,,,,,,,,,,18.3700008392334,,,,,,,,,,,,,,26.7299995422363,27.5799999237061,28.2000007629395,28.8700008392334,29.8799991607666,30.4300003051758,31.1800003051758,32.2299995422363,36.5555419921875,37.5405082702637,35.7200012207031,36.5200004577637,37.2299995422363,38.0299987792969,41.315315246582,39.2299995422363,42.6541557312012,40.4976425170898,42.0882186889648,,,
Népal,NPL,"Niveau d’éducation, études supérieures de cycle court au minimum, population de 25 ans et plus (%)",SE.TER.CUAT.ST.ZS,,,,,,,,,,,,,,,,,,,,,,,,,,,,,,,,,,,,,,,,,,,,,,,,,,,,4.55999994277954,,,,,,5.81882381439209,,,,,,,,
Nauru,NRU,"Niveau d’éducation, études supérieures de cycle court au minimum, population de 25 ans et plus (%)",SE.TER.CUAT.ST.ZS,,,,,,,,,,,,,,,,,,,,,,,,,,,,,,,,,,,,,,,,,,,,,,,,,,,,,,1.8216769695282,,,,,,,,5.08398675918579,,,,
Nouvelle-Zélande,NZL,"Niveau d’éducation, études supérieures de cycle court au minimum, population de 25 ans et plus (%)",SE.TER.CUAT.ST.ZS,,,,,,,,,,,,,,,,,,,,,,,,,,,,,,,,,,,,,,,,,,24.6599998474121,,,,,30.2299995422363,,,,,36.8800010681152,35.7900009155273,,31.1000003814697,30.25,32.310001373291,33.8508911132812,35.2716445922852,35.7563743591309,36.6399993896484,,,,,
Pays membres de l'OCDE,OED,"Niveau d’éducation, études supérieures de cycle court au minimum, population de 25 ans et plus (%)",SE.TER.CUAT.ST.ZS,,,,,,,,,,,,,,,,,,,,,,,,,,,,,,,,,,,,,,,,,,,,,,,,,,,,,,,,,,,,,,,,,,
Oman,OMN,"Niveau d’éducation, études supérieures de cycle court au minimum, population de 25 ans et plus (%)",SE.TER.CUAT.ST.ZS,,,,,,,,,,,,,,,,,,,,,,,,,,,,,,,,,,,,,,,,,,,,9.32999992370605,,,,,14.0299997329712,,,,,,,,,5.8101372718811,5.81011772155762,5.81015777587891,23.1200008392334,18.5243721008301,25.0499992370605,,,
Autres petits états,OSS,"Niveau d’éducation, études supérieures de cycle court au minimum, population de 25 ans et plus (%)",SE.TER.CUAT.ST.ZS,,,,,,,,,,,,,,,,,,,,,,,,,,,,,,,,,,,,,,,,,,,,,,,,,,,,,,,,,,,,,,,,,,
Pakistan,PAK,"Niveau d’éducation, études supérieures de cycle court au minimum, population de 25 ans et plus (%)",SE.TER.CUAT.ST.ZS,,,,,,,,,,,,,,,,,,,,,,,,,,,,,,,,,,,,,,,,,,,,,,,,,,,,,,,,8.06536197662354,16.1812782287598,,,,,8.62528419494629,,,,
Panama,PAN,"Niveau d’éducation, études supérieures de cycle court au minimum, population de 25 ans et plus (%)",SE.TER.CUAT.ST.ZS,,,,,,,,,,,,,,,,,,,,,,,,,,,,,,,,,,,,,,,,,10.4499998092651,,,,,,,,,,21.3600006103516,,15.3297824859619,,,,,,,26.7199993133545,16.6326961517334,,16.6090145111084,16.7714004516602,,
Pérou,PER,"Niveau d’éducation, études supérieures de cycle court au minimum, population de 25 ans et plus (%)",SE.TER.CUAT.ST.ZS,,,,,,,,,,,,,4.5,,,,,,,,,10.5299997329712,,,,,,,,,,,,20.75,,,,,,,,,,,12.5100002288818,16.0599994659424,16.9400005340576,18.2199993133545,18.2099990844727,18.75,20.8700008392334,21.2399997711182,22.1499996185303,21.3400001525879,21.8899993896484,20.8799991607666,,,21.9099998474121,,,,13.6247205734253,14.4371404647827,,
Philippines,PHL,"Niveau d’éducation, études supérieures de cycle court au minimum, population de 25 ans et plus (%)",SE.TER.CUAT.ST.ZS,,,,,,,,,,,,,,,,,,,,,,,,,,,,,,,,,,,,,,,,,8.60999965667725,,,,,,,,24.2199993133545,,26.7900009155273,,,26.5900001525879,,,,25.0633068084717,,28.1499996185303,34.0,24.8209953308105,24.8367233276367,,,
Palaos,PLW,"Niveau d’éducation, études supérieures de cycle court au minimum, population de 25 ans et plus (%)",SE.TER.CUAT.ST.ZS,,,,,,,,,,,,,,,,,,,,,,,,,,,,,,,,,,,,,,,,,,,,,,,,,,,,,,33.9500007629395,46.7095413208008,,,,,,30.6633911132812,,,,,
Papouasie-Nouvelle-Guinée,PNG,"Niveau d’éducation, études supérieures de cycle court au minimum, population de 25 ans et plus (%)",SE.TER.CUAT.ST.ZS,,,,,,,,,,,,,,,,,,,,,,,,,,,,,,,,,,,,,,,,,,,,,,,,,,,,,,,,,,,,,,,10.5328140258789,,,
Pologne,POL,"Niveau d’éducation, études supérieures de cycle court au minimum, population de 25 ans et plus (%)",SE.TER.CUAT.ST.ZS,,,,,,,,,,,5.40000009536743,,,,,,,,5.69999980926514,,,,,,,,,,7.86999988555908,,,,,,,,,,,,,,12.3699998855591,,,,,,17.4599990844727,18.8199996948242,20.3099994659424,21.1299991607666,21.7900009155273,22.7999992370605,23.8799991607666,24.4595260620117,25.0300006866455,26.0831432342529,26.7086429595947,27.50071144104,28.2399997711182,28.466136932373,28.8223171234131,32.0204315185547,,
de Pré-dividende démographique,PRE,"Niveau d’éducation, études supérieures de cycle court au minimum, population de 25 ans et plus (%)",SE.TER.CUAT.ST.ZS,,,,,,,,,,,,,,,,,,,,,,,,,,,,,,,,,,,,,,,,,,,,,,,,,,,,,,,,,,,,,,,,,,
Porto Rico,PRI,"Niveau d’éducation, études supérieures de cycle court au minimum, population de 25 ans et plus (%)",SE.TER.CUAT.ST.ZS,,,,,,,,,,,,,,,,,,,,,,,,,,,,,,,,,,,,,,,,,25.3299999237061,,,,,20.7800006866455,20.7399997711182,21.2399997711182,21.1499996185303,,,31.1299991607666,31.2099990844727,,,,,26.2800006866455,,,,,,,,
"Corée, République démocratique de",PRK,"Niveau d’éducation, études supérieures de cycle court au minimum, population de 25 ans et plus (%)",SE.TER.CUAT.ST.ZS,,,,,,,,,,,,,,,,,,,,,,,,,,,,,,,,,,,,,,,,,,,,,,,,,,,38.3470840454102,39.3404541015625,40.2923393249512,41.3201675415039,42.3194923400879,42.8458862304688,43.6879920959473,44.3815803527832,45.3113746643066,46.005802154541,46.4535713195801,46.9363212585449,47.5099182128906,,,
Portugal,PRT,"Niveau d’éducation, études supérieures de cycle court au minimum, population de 25 ans et plus (%)",SE.TER.CUAT.ST.ZS,,,,,,,,,,,1.63999998569489,,,,,,,,,,,3.47000002861023,,,,,,,,,,7.67000007629395,,,,,,,6.86999988555908,7.11999988555908,7.28000020980835,7.57000017166138,7.69999980926514,8.94999980926514,10.2299995422363,10.4499998092651,11.0699996948242,11.210000038147,11.5900001525879,11.9799995422363,12.6599998474121,14.1199998855591,15.2399997711182,15.8699998855591,17.4799995422363,18.1800003051758,19.0,19.2600002288818,18.6900005340576,20.7800006866455,22.5499992370605,25.1858520507812,25.5669574737549,24.2919635772705,,
Paraguay,PRY,"Niveau d’éducation, études supérieures de cycle court au minimum, population de 25 ans et plus (%)",SE.TER.CUAT.ST.ZS,,,,,,,,,,,,,1.99000000953674,,,,,,,,,,3.34999990463257,,,,,,,,,,7.55000019073486,,,,,,,,,,,8.0,,4.51000022888184,3.74000000953674,8.69999980926514,10.4200000762939,9.8100004196167,,,10.8599996566772,13.6700000762939,13.6499996185303,14.5200004577637,14.0500001907349,,15.2200002670288,16.1900005340576,15.9300003051758,,,,,
Cisjordanie et Gaza,PSE,"Niveau d’éducation, études supérieures de cycle court au minimum, population de 25 ans et plus (%)",SE.TER.CUAT.ST.ZS,,,,,,,,,,,,,,,,,,,,,,,,,,,,,,,,,,,,,,,,,,,,,17.7299995422363,,18.3799991607666,19.0100002288818,19.4300003051758,21.8500003814697,21.9899997711182,23.5799999237061,24.8199996948242,22.5400009155273,22.7299995422363,23.4899997711182,23.6800003051758,24.2999992370605,25.8600006103516,20.7507953643799,28.8500003814697,22.1371746063232,29.7099990844727,,,
Petits états insulaires du Pacifique,PSS,"Niveau d’éducation, études supérieures de cycle court au minimum, population de 25 ans et plus (%)",SE.TER.CUAT.ST.ZS,,,,,,,,,,,,,,,,,,,,,,,,,,,,,,,,,,,,,,,,,,,,,,,,,,,,,,,,,,,,,,,,,,
de Post-dividende démographique,PST,"Niveau d’éducation, études supérieures de cycle court au minimum, population de 25 ans et plus (%)",SE.TER.CUAT.ST.ZS,,,,,,,,,,,,,,,,,,,,,,,,,,,,,,,,,,,,,,,,,,,,,,,,,,,,,,,,,,,,,,,,,,
Polynésie française,PYF,"Niveau d’éducation, études supérieures de cycle court au minimum, population de 25 ans et plus (%)",SE.TER.CUAT.ST.ZS,,,,,,,,,,,,,,,,,,,,,,,,,,,,,,,,,,,,,,,,,,,,,,,,17.4799995422363,,,,,,,,,,,,,,,,,,
Qatar,QAT,"Niveau d’éducation, études supérieures de cycle court au minimum, population de 25 ans et plus (%)",SE.TER.CUAT.ST.ZS,,,,,,,,,,,,,,,,,,,,,,,,,,,,,,,,,,,,,,,,,,,,,,,,,,,,,,,20.3060607910156,17.8108100891113,,19.0258007049561,19.974573135376,19.6199398040771,27.9772491455078,28.7944869995117,,,,
Roumanie,ROU,"Niveau d’éducation, études supérieures de cycle court au minimum, population de 25 ans et plus (%)",SE.TER.CUAT.ST.ZS,,,,,,,,,,,,,,,,,,,,,,,,,,,,,,,,,,,,,,,,,,,8.97999954223633,,,,,10.3900003433228,11.0900001525879,11.4300003051758,11.8500003814697,12.7600002288818,13.25,13.5299997329712,13.539999961853,14.460000038147,14.6099996566772,14.6800003051758,14.8731451034546,15.3100004196167,15.4899997711182,15.4499998092651,16.0100002288818,,,
Fédération de Russie,RUS,"Niveau d’éducation, études supérieures de cycle court au minimum, population de 25 ans et plus (%)",SE.TER.CUAT.ST.ZS,,,,,,,,,,,,,,,,,,,,,,,,,,,,,,,,,,,,,,,,,,,54.7599983215332,,,,,,,,60.0999984741211,47.4746894836426,48.4000473022461,50.1041069030762,49.6986656188965,49.5508232116699,49.7991561889648,48.1184234619141,47.9717254638672,47.5963592529297,47.9516792297363,64.0899963378906,29.4685935974121,30.3533420562744,,
Rwanda,RWA,"Niveau d’éducation, études supérieures de cycle court au minimum, population de 25 ans et plus (%)",SE.TER.CUAT.ST.ZS,,,,,,,,,,,,,,,,,,,,,,,,,,,,,,,,,,,,,,,,,,,,,,,,,,,,,3.61999988555908,,3.3199999332428,,,6.96817684173584,4.13000011444092,7.40987873077393,7.45935869216919,6.98255586624146,5.53999996185303,5.82882261276245,,
Asie du Sud,SAS,"Niveau d’éducation, études supérieures de cycle court au minimum, population de 25 ans et plus (%)",SE.TER.CUAT.ST.ZS,,,,,,,,,,,,,,,,,,,,,,,,,,,,,,,,,,,,,,,,,,,,,,,,,,,,,,,,,,,,,,,,,,
Arabie saoudite,SAU,"Niveau d’éducation, études supérieures de cycle court au minimum, population de 25 ans et plus (%)",SE.TER.CUAT.ST.ZS,,,,,,,,,,,,,,,,,,,,,,,,,,,,,,,,,,,,,,,,,12.039999961853,,,,19.5,,,,,,,,,24.8400001525879,,,,31.4799995422363,,,37.9199981689453,33.8733291625977,35.1697311401367,35.6994361877441,,
Soudan,SDN,"Niveau d’éducation, études supérieures de cycle court au minimum, population de 25 ans et plus (%)",SE.TER.CUAT.ST.ZS,,,,,,,,,,,,,,,,,,,,,,,,0.790000021457672,,,,,,,,,,,,,,,,,,,,,,,,,,,,10.0484247207642,,,,,,,,,,,10.147424697876,,,
Sénégal,SEN,"Niveau d’éducation, études supérieures de cycle court au minimum, population de 25 ans et plus (%)",SE.TER.CUAT.ST.ZS,,,,,,,,,,,,,,,,,,,,,,,,,,,,,,,,,,,,,,,,,,,,,,,0.800000011920929,,,,,2.98000001907349,,4.26000022888184,,,,4.03000020980835,,,,,5.21295356750488,,,
Singapour,SGP,"Niveau d’éducation, études supérieures de cycle court au minimum, population de 25 ans et plus (%)",SE.TER.CUAT.ST.ZS,,,,,,,,,,,,,,,,,,,,,,,,,,,,,,,8.39000034332275,,,,,13.4099998474121,,,,,,,,,,29.1299991607666,30.4400005340576,31.4699993133545,33.8899993896484,35.0200004577637,36.9700012207031,38.0800018310547,39.5699996948242,41.2999992370605,42.439998626709,42.939998626709,43.8499984741211,45.3199996948242,46.7000007629395,48.1500015258789,48.3199996948242,52.3800010681152,53.1100006103516,53.3447875976562,,
Îles Salomon,SLB,"Niveau d’éducation, études supérieures de cycle court au minimum, population de 25 ans et plus (%)",SE.TER.CUAT.ST.ZS,,,,,,,,,,,,,,,,,,,,,,,,,,,,,,,,,,,,,,,,,,,,,,,,,,,,,,16.0089797973633,,,,,,,,,,,,
Sierra Leone,SLE,"Niveau d’éducation, études supérieures de cycle court au minimum, population de 25 ans et plus (%)",SE.TER.CUAT.ST.ZS,,,,,,,,,,,,,,,,,,,,,,,,,,,,,,,,,,,,,,,,,,,,,,,,,,,,,,,17.13498878479,,,,1.90912628173828,,,,,,,
El Salvador,SLV,"Niveau d’éducation, études supérieures de cycle court au minimum, population de 25 ans et plus (%)",SE.TER.CUAT.ST.ZS,,,,,,,,,,,,1.87000000476837,,,,,,,,,,,,,,,,,,,,,6.44000005722046,,,,,,,,,,,,,,9.35000038146973,6.17000007629395,10.7299995422363,10.8199996948242,6.78000020980835,10.210000038147,11.2200002670288,10.1599998474121,,,8.48999977111816,7.94999980926514,,9.56999969482422,9.89000034332275,6.7656421661377,7.40641450881958,8.5,,
Saint-Marin,SMR,"Niveau d’éducation, études supérieures de cycle court au minimum, population de 25 ans et plus (%)",SE.TER.CUAT.ST.ZS,,,,,,,,,,,,,,,,,,,,,,,,,,,,,,,,,,,,,,,,,,,,,,,,,,,,,,,,,,,15.7600002288818,,18.1900005340576,,18.3899993896484,,,
Somalie,SOM,"Niveau d’éducation, études supérieures de cycle court au minimum, population de 25 ans et plus (%)",SE.TER.CUAT.ST.ZS,,,,,,,,,,,,,,,,,,,,,,,,,,,,,,,,,,,,,,,,,,,,,,,,,,,,,,,,,,,,,,,,,,
Serbie,SRB,"Niveau d’éducation, études supérieures de cycle court au minimum, population de 25 ans et plus (%)",SE.TER.CUAT.ST.ZS,,,,,,,,,,,,,,,,,,,,,,,,,,,,,,,,,,,,,,,,,,,13.1999998092651,,,,,,14.8500003814697,15.3599996566772,15.7200002670288,18.2000007629395,17.2563953399658,18.2199993133545,18.9799995422363,19.9599990844727,20.6900005340576,20.7800006866455,21.4781627655029,21.7000007629395,22.0595359802246,22.4689598083496,22.5447597503662,24.1680164337158,,
Afrique subsaharienne (hors revenu élevé),SSA,"Niveau d’éducation, études supérieures de cycle court au minimum, population de 25 ans et plus (%)",SE.TER.CUAT.ST.ZS,,,,,,,,,,,,,,,,,,,,,,,,,,,,,,,,,,,,,,,,,,,,,,,,,,,,,,,,,,,,,,,,,,
Soudan du Sud,SSD,"Niveau d’éducation, études supérieures de cycle court au minimum, population de 25 ans et plus (%)",SE.TER.CUAT.ST.ZS,,,,,,,,,,,,,,,,,,,,,,,,,,,,,,,,,,,,,,,,,,,,,,,,,10.25,,,,,,,,,,,,,,,,,
Afrique subsaharienne,SSF,"Niveau d’éducation, études supérieures de cycle court au minimum, population de 25 ans et plus (%)",SE.TER.CUAT.ST.ZS,,,,,,,,,,,,,,,,,,,,,,,,,,,,,,,,,,,,,,,,,,,,,,,,,,,,,,,,,,,,,,,,,,
Petits états,SST,"Niveau d’éducation, études supérieures de cycle court au minimum, population de 25 ans et plus (%)",SE.TER.CUAT.ST.ZS,,,,,,,,,,,,,,,,,,,,,,,,,,,,,,,,,,,,,,,,,,,,,,,,,,,,,,,,,,,,,,,,,,
Sao Tomé-et-Principe,STP,"Niveau d’éducation, études supérieures de cycle court au minimum, population de 25 ans et plus (%)",SE.TER.CUAT.ST.ZS,,,,,,,,,,,,,,,,,,,,,,,,,,,,,,,,,,,,,,,,,,,,,,,,,,,,,,,,,,,,,,,,,,
Suriname,SUR,"Niveau d’éducation, études supérieures de cycle court au minimum, population de 25 ans et plus (%)",SE.TER.CUAT.ST.ZS,,,,,,,,,,,,,,,,,,,,,,,,,,,,,,,,,,,,,,,,,,,,,3.91000008583069,,,,,,,,9.18000030517578,,,,10.4818592071533,,,,,,,,,
République slovaque,SVK,"Niveau d’éducation, études supérieures de cycle court au minimum, population de 25 ans et plus (%)",SE.TER.CUAT.ST.ZS,,,,,,,,,,,,,,,,,,,,,,,,,,,,,,,,9.60000038146973,,,,,,,,,,11.8199996948242,,,,,,,,,0.0,20.6499996185303,17.1700000762939,17.8799991607666,18.2900009155273,19.2000007629395,19.8400001525879,20.8899993896484,22.1599998474121,23.0300006866455,23.8291244506836,24.6748828887939,25.9917182922363,,,
Slovénie,SVN,"Niveau d’éducation, études supérieures de cycle court au minimum, population de 25 ans et plus (%)",SE.TER.CUAT.ST.ZS,,,,,,,,,,,,,,,,,,,,,,,,,,,,,,,,,,,,,,,,,,,,,18.3099994659424,18.1299991607666,19.0,19.2900009155273,20.1200008392334,20.75,21.2399997711182,22.2099990844727,23.6700000762939,24.8199996948242,25.1100006103516,26.1299991607666,26.9500007629395,28.1800003051758,27.9994678497314,28.5200004577637,30.9513244628906,35.0027770996094,34.6596260070801,,,
Suède,SWE,"Niveau d’éducation, études supérieures de cycle court au minimum, population de 25 ans et plus (%)",SE.TER.CUAT.ST.ZS,,,,,,,,,,,,,,,,,,,,,,,,,,,,,,,,,,,,,,,,,,,,,26.5300006866455,27.3500003814697,28.0900001525879,28.8199996948242,27.3299999237061,27.9899997711182,28.6399993896484,29.2800006866455,29.8999996185303,30.5100002288818,31.0900001525879,31.6499996185303,32.2299995422363,32.8199996948242,40.8762741088867,34.0299987792969,42.7141342163086,42.5874786376953,43.8724021911621,,,
Eswatini,SWZ,"Niveau d’éducation, études supérieures de cycle court au minimum, population de 25 ans et plus (%)",SE.TER.CUAT.ST.ZS,,,,,,,,,,,,,,,,,,,,,,,,,,,,,,,,,,,,,,,,,,,,,,,,,,,,,,,,,12.6465692520142,,,,,14.4894857406616,,,,
Sint Maarten (Dutch part),SXM,"Niveau d’éducation, études supérieures de cycle court au minimum, population de 25 ans et plus (%)",SE.TER.CUAT.ST.ZS,,,,,,,,,,,,,,,,,,,,,,,,,,,,,,,,,,,,,,,,,,,,,,,,,,,,,,,,,,,,,,,,,,
Seychelles,SYC,"Niveau d’éducation, études supérieures de cycle court au minimum, population de 25 ans et plus (%)",SE.TER.CUAT.ST.ZS,,,,,,,,,,,,,,,,,,,,,,,,,,,,,,,,,,,,,,,,,,,7.69999980926514,,,,,,,,,,,,35.8926277160645,34.4520378112793,37.3661231994629,38.0377502441406,37.9122467041016,39.3274345397949,38.7550888061523,,,,,
République arabe syrienne,SYR,"Niveau d’éducation, études supérieures de cycle court au minimum, population de 25 ans et plus (%)",SE.TER.CUAT.ST.ZS,,,,,,,,,,,1.29999995231628,,,,,,,,,,,,,,,,,,,,,,,,,,,,,,,,5.30000019073486,,,,,5.80999994277954,5.90000009536743,6.25,,,,,,,,,,,,,,,,
Îles Turques-et-Caïques,TCA,"Niveau d’éducation, études supérieures de cycle court au minimum, population de 25 ans et plus (%)",SE.TER.CUAT.ST.ZS,,,,,,,,,,,,,,,,,,,,,,,,,,,,,,,,,,,,,,,,,,,,,,,,,,,,,,,,,,,,,,,,,,
Tchad,TCD,"Niveau d’éducation, études supérieures de cycle court au minimum, population de 25 ans et plus (%)",SE.TER.CUAT.ST.ZS,,,,,,,,,,,,,,,,,,,,,,,,,,,,,,,,,,,,,,,,,,,,,3.22000002861023,,,,,1.69000005722046,,,,,,,,,3.36744070053101,,,,,,,
Asie de l’Est et Pacifique (BIRD et IDA),TEA,"Niveau d’éducation, études supérieures de cycle court au minimum, population de 25 ans et plus (%)",SE.TER.CUAT.ST.ZS,,,,,,,,,,,,,,,,,,,,,,,,,,,,,,,,,,,,,,,,,,,,,,,,,,,,,,,,,,,,,,,,,,
Europe et Asie centrale (BIRD et IDA),TEC,"Niveau d’éducation, études supérieures de cycle court au minimum, population de 25 ans et plus (%)",SE.TER.CUAT.ST.ZS,,,,,,,,,,,,,,,,,,,,,,,,,,,,,,,,,,,,,,,,,,,,,,,,,,,,,,,,,,,,,,,,,,
Togo,TGO,"Niveau d’éducation, études supérieures de cycle court au minimum, population de 25 ans et plus (%)",SE.TER.CUAT.ST.ZS,,,,,,,,,,,,,,,,,,,,,,,,,,,,,,,,,,,,,,,,,,,,,,,,,,2.63000011444092,,14.7740573883057,,,,14.2980508804321,,4.18325042724609,,3.80260682106018,,,6.40629291534424,,,
Thaïlande,THA,"Niveau d’éducation, études supérieures de cycle court au minimum, population de 25 ans et plus (%)",SE.TER.CUAT.ST.ZS,,,,,,,,,,,1.10000002384186,,,,,,,,,,2.99000000953674,,,,,,,,,,,,,,,,,,,,,,,,12.9899997711182,,12.8699998855591,,,,11.9499998092651,,,16.8999996185303,14.0189990997314,14.4787693023682,19.0699996948242,14.6250953674316,19.3199996948242,20.3700008392334,16.1507606506348,16.1652545928955,22.4899997711182,17.0551605224609,,
Tadjikistan,TJK,"Niveau d’éducation, études supérieures de cycle court au minimum, population de 25 ans et plus (%)",SE.TER.CUAT.ST.ZS,,,,,,,,,,,,,,,,,,,,,,,,,,,,,,11.6999998092651,,,,,,,,,,,19.8199996948242,,,,,,,,,,,,,,,,21.3762035369873,22.8700008392334,,,,,,,,
Turkménistan,TKM,"Niveau d’éducation, études supérieures de cycle court au minimum, population de 25 ans et plus (%)",SE.TER.CUAT.ST.ZS,,,,,,,,,,,,,,,,,,,,,,,,,,,,,,,,,,,,12.6599998474121,,,,,,,,,,,,,,,,,,,,,,,,,,,,,,
Amérique latine et Caraïbes (BIRD et IDA),TLA,"Niveau d’éducation, études supérieures de cycle court au minimum, population de 25 ans et plus (%)",SE.TER.CUAT.ST.ZS,,,,,,,,,,,,,,,,,,,,,,,,,,,,,,,,,,,,,,,,,,,,,,,,,,,,,,,,,,,,,,,,,,
Timor-Leste,TLS,"Niveau d’éducation, études supérieures de cycle court au minimum, population de 25 ans et plus (%)",SE.TER.CUAT.ST.ZS,,,,,,,,,,,,,,,,,,,,,,,,,,,,,,,,,,,,,,,,,,,,,,,,,,,5.3600001335144,,,9.32536506652832,,11.1638116836548,8.07598495483398,,,,,11.6524848937988,,,,
Afrique du Nord et Moyen-Orient (BIRD et IDA),TMN,"Niveau d’éducation, études supérieures de cycle court au minimum, population de 25 ans et plus (%)",SE.TER.CUAT.ST.ZS,,,,,,,,,,,,,,,,,,,,,,,,,,,,,,,,,,,,,,,,,,,,,,,,,,,,,,,,,,,,,,,,,,
Tonga,TON,"Niveau d’éducation, études supérieures de cycle court au minimum, population de 25 ans et plus (%)",SE.TER.CUAT.ST.ZS,,,,,,,,,,,,,,,,,,,,,,,,,,,2.85999989509583,,,,,,,,,,7.88000011444092,,,,,,,,,,12.1300001144409,,,,,6.23000001907349,,,,,,,8.26627826690674,,,16.3820629119873,,,,
Asie du Sud (BIRD et IDA),TSA,"Niveau d’éducation, études supérieures de cycle court au minimum, population de 25 ans et plus (%)",SE.TER.CUAT.ST.ZS,,,,,,,,,,,,,,,,,,,,,,,,,,,,,,,,,,,,,,,,,,,,,,,,,,,,,,,,,,,,,,,,,,
Afrique subsaharienne (BIRD et IDA),TSS,"Niveau d’éducation, études supérieures de cycle court au minimum, population de 25 ans et plus (%)",SE.TER.CUAT.ST.ZS,,,,,,,,,,,,,,,,,,,,,,,,,,,,,,,,,,,,,,,,,,,,,,,,,,,,,,,,,,,,,,,,,,
Trinité-et-Tobago,TTO,"Niveau d’éducation, études supérieures de cycle court au minimum, population de 25 ans et plus (%)",SE.TER.CUAT.ST.ZS,,,,,,,,,,,1.20000004768372,,,,,,,,,,2.90000009536743,,,,,,,,,,3.52999997138977,,,,,,,,,,,,,,,,,,,,10.0164422988892,21.2600002288818,12.6354732513428,13.6917543411255,14.9284420013428,18.9731769561768,18.6006050109863,,,18.1432685852051,19.0767154693604,19.5267238616943,20.7580146789551,,,
Tunisie,TUN,"Niveau d’éducation, études supérieures de cycle court au minimum, population de 25 ans et plus (%)",SE.TER.CUAT.ST.ZS,,,,,,,,,,,,,,,,1.11000001430511,,,,,1.79999995231628,,,,2.83999991416931,,,,,,,,,,,,,,,,,,,,,,,,,,12.5006351470947,13.2199869155884,12.34787940979,13.0610885620117,10.3284072875977,14.0937633514404,14.2208051681519,14.7631483078003,,16.1405334472656,,,15.5421934127808,15.0153465270996,,
Turquie,TUR,"Niveau d’éducation, études supérieures de cycle court au minimum, population de 25 ans et plus (%)",SE.TER.CUAT.ST.ZS,,,,,,,,,,,,,,,,1.78999996185303,,,,,3.59999990463257,,,,,10.8199996948242,,,,,,,,,,,,,,,,,,,7.32999992370605,7.92999982833862,8.53999996185303,8.93000030517578,9.85000038146973,10.710000038147,11.5299997329712,12.7600002288818,13.3800001144409,14.8800001144409,15.8299999237061,17.3899993896484,18.1599998474121,19.0900001525879,17.3541126251221,20.7600002288818,19.6952571868896,20.4976119995117,20.9415740966797,21.8643398284912,,
Tuvalu,TUV,"Niveau d’éducation, études supérieures de cycle court au minimum, population de 25 ans et plus (%)",SE.TER.CUAT.ST.ZS,,,,,,,,,,,,,,,,,,,,,,,,,,,,,,,,,,,,,,,,,,,,,,,,,,,,,,,,,14.7904529571533,8.4344310760498,,,,,6.05095529556274,,,
Tanzanie,TZA,"Niveau d’éducation, études supérieures de cycle court au minimum, population de 25 ans et plus (%)",SE.TER.CUAT.ST.ZS,,,,,,,,,,,,,,,,,,,,,,,,,,,,,,,,,,,,,,,,,,,0.930000007152557,,,,,,,,0.481108099222183,,1.92999994754791,,,,,,,,2.45767259597778,,,,,
Ouganda,UGA,"Niveau d’éducation, études supérieures de cycle court au minimum, population de 25 ans et plus (%)",SE.TER.CUAT.ST.ZS,,,,,,,,,,,,,,,,,,,,,,,,,,,,,,,,0.509999990463257,,,,,,,,,,,4.80999994277954,,,,,,6.86999988555908,,8.1899995803833,6.51735496520996,8.14999961853027,,8.00827884674072,,,7.75876522064209,,11.2498168945312,,9.45376014709473,,,,
Ukraine,UKR,"Niveau d’éducation, études supérieures de cycle court au minimum, population de 25 ans et plus (%)",SE.TER.CUAT.ST.ZS,,,,,,,,,,,5.96000003814697,,,,,,,,,,,,,,,,,,,,,,,,,,,,,,,38.1399993896484,,,,,,,,,,,,,,,,,49.4248733520508,46.9787330627441,47.2131156921387,47.790225982666,,,,
"Revenu intermédiaire, tranche supérieure",UMC,"Niveau d’éducation, études supérieures de cycle court au minimum, population de 25 ans et plus (%)",SE.TER.CUAT.ST.ZS,,,,,,,,,,,,,,,,,,,,,,,,,,,,,,,,,,,,,,,,,,,,,,,,,,,,,,,,,,,,,,,,,,
Uruguay,URY,"Niveau d’éducation, études supérieures de cycle court au minimum, population de 25 ans et plus (%)",SE.TER.CUAT.ST.ZS,,,,,,,,,,,,,,,,6.34000015258789,,,,,,,,,,8.10000038146973,,,,,,,,,,,10.210000038147,,,,,,,9.92000007629395,,,9.60000038146973,,9.52000045776367,9.64999961853027,9.40999984741211,10.9399995803833,10.8800001144409,11.789999961853,12.1400003433228,12.4200000762939,12.25,13.1700000762939,13.3199996948242,13.6999998092651,,,24.25,12.4777383804321,,
États-Unis,USA,"Niveau d’éducation, études supérieures de cycle court au minimum, population de 25 ans et plus (%)",SE.TER.CUAT.ST.ZS,,,,,,,,,,,21.25,,,,,26.2999992370605,,,,31.1000003814697,31.8899993896484,32.1500015258789,,,,,,,,,45.2400016784668,,,,46.5400009155273,,,,,,,,,,37.5299987792969,36.2299995422363,37.4500007629395,,38.2599983215332,38.6199989318848,39.1399993896484,39.939998626709,40.6599998474121,41.5,41.8899993896484,42.3400001525879,43.5099983215332,44.6631660461426,45.1699981689453,46.3481178283691,48.0900001525879,47.914421081543,48.1199989318848,49.1423606872559,,
Ouzbékistan,UZB,"Niveau d’éducation, études supérieures de cycle court au minimum, population de 25 ans et plus (%)",SE.TER.CUAT.ST.ZS,,,,,,,,,,,,,,,,,,,,,,,,,,,,,,,,,,,,,,,,,,,,,,,,,,,,,,51.9300003051758,54.9500007629395,55.2999992370605,62.5099983215332,,63.8899993896484,69.1800003051758,17.5299472808838,61.6199989318848,61.5099983215332,,,
Saint-Vincent-et-les Grenadines,VCT,"Niveau d’éducation, études supérieures de cycle court au minimum, population de 25 ans et plus (%)",SE.TER.CUAT.ST.ZS,,,,,,,,,,,,,,,,,,,,,,,,,,,,,,,,,,,,,,,,,,,,,,,,,,,,,,,,,,,,,,,,,,
Venezuela,VEN,"Niveau d’éducation, études supérieures de cycle court au minimum, population de 25 ans et plus (%)",SE.TER.CUAT.ST.ZS,,,,,,,,,,,,2.60999989509583,,,,,,,,,,7.03000020980835,,,,,,,,,11.7799997329712,,,,,,,,,,,23.1900005340576,,,,,13.0200004577637,13.960000038147,14.6800003051758,15.9200000762939,,24.8600006103516,,,,29.7800006866455,34.2900009155273,30.211612701416,,,,,,,,
Îles Vierges britanniques,VGB,"Niveau d’éducation, études supérieures de cycle court au minimum, population de 25 ans et plus (%)",SE.TER.CUAT.ST.ZS,,,,,,,,,,,,,,,,,,,,,,,,,,,,,,,,,,,,,,,,,,,,,,,,,,,,,,,,,,,,,,,,,,
Îles Vierges (EU),VIR,"Niveau d’éducation, études supérieures de cycle court au minimum, population de 25 ans et plus (%)",SE.TER.CUAT.ST.ZS,,,,,,,,,,,,,,,,,,,,,,,,,,,,,,,,,,,,,,,,,,,,,,,,,,,,,,,,,,,,,,,,,,
Viet Nam,VNM,"Niveau d’éducation, études supérieures de cycle court au minimum, population de 25 ans et plus (%)",SE.TER.CUAT.ST.ZS,,,,,,,,,,,,,,,,,,,,1.20000004768372,,,,,,,,,,2.63000011444092,,,,,,,,,,,,,,,,,,,,6.69999980926514,7.87626791000366,8.25768947601318,8.56743240356445,9.11233139038086,9.75982666015625,10.4668636322021,11.215389251709,11.7225685119629,12.0348958969116,13.5200004577637,13.6809120178223,13.3731937408447,13.6453886032104,14.6927423477173,,
Vanuatu,VUT,"Niveau d’éducation, études supérieures de cycle court au minimum, population de 25 ans et plus (%)",SE.TER.CUAT.ST.ZS,,,,,,,,,,,,,,,,,,,,,,,,,,,,,,,,,,,,,,,,,,,,,,,,,,,2.93270325660706,,,,,,,,,3.50382971763611,4.63765525817871,,,,,
Monde,WLD,"Niveau d’éducation, études supérieures de cycle court au minimum, population de 25 ans et plus (%)",SE.TER.CUAT.ST.ZS,,,,,,,,,,,,,,,,,,,,,,,,,,,,,,,,,,,,,,,,,,,,,,,,,,,,,,,,,,,,,,,,,,
Samoa,WSM,"Niveau d’éducation, études supérieures de cycle court au minimum, population de 25 ans et plus (%)",SE.TER.CUAT.ST.ZS,,,,,,,,,,,,3.55999994277954,,,,,2.20000004768372,,,,,2.6800000667572,,,,,,,,,,,,,,,,,,,,,,,,,,,,,,,7.15040159225464,,,,,13.5344438552856,,,,,21.4767875671387,,,
Kosovo,XKX,"Niveau d’éducation, études supérieures de cycle court au minimum, population de 25 ans et plus (%)",SE.TER.CUAT.ST.ZS,,,,,,,,,,,,,,,,,,,,,,,,,,,,,,,,,,,,,,,,,,,,,,,,,,,,,,,,,,,,,,,,,,
"Yémen, Rép. du",YEM,"Niveau d’éducation, études supérieures de cycle court au minimum, population de 25 ans et plus (%)",SE.TER.CUAT.ST.ZS,,,,,,,,,,,,,,,,,,,,,,,,,,,,,,,,,,,,,,,,,,,,,,,,,,,,,,,4.98842000961304,,,,,,,,,,,
Afrique du Sud,ZAF,"Niveau d’éducation, études supérieures de cycle court au minimum, population de 25 ans et plus (%)",SE.TER.CUAT.ST.ZS,,,,,,,,,,,3.66000008583069,,,,,,,,,,1.35000002384186,,,,,2.29999995231628,,,,,,,,,,,,,,,,,4.75,5.48000001907349,4.90000009536743,4.19000005722046,4.17000007629395,4.3899998664856,4.65000009536743,5.82999992370605,6.19000005722046,6.1399998664856,6.44999980926514,11.3041954040527,7.1399998664856,7.82000017166138,12.3677625656128,11.8299999237061,13.4194784164429,16.2600002288818,13.7931442260742,15.710000038147,13.442756652832,14.2330722808838,,
Zambie,ZMB,"Niveau d’éducation, études supérieures de cycle court au minimum, population de 25 ans et plus (%)",SE.TER.CUAT.ST.ZS,,,,,,,,,,,,,,,,,,,,,0.419999986886978,,,,,,,,,,0.28999999165535,,,,,,,,,,,,,,,,,,,,,,,,,5.42241239547729,,9.05357646942139,11.3548736572266,10.552924156189,13.6972255706787,10.9776544570923,10.8038673400879,,,
Zimbabwe,ZWE,"Niveau d’éducation, études supérieures de cycle court au minimum, population de 25 ans et plus (%)",SE.TER.CUAT.ST.ZS,,,,,,,,,,,,,,,,,,,,,,,,,,,,,,,,,,,,,,,,,,,1.53999996185303,,,,,,,,,14.3742113113403,3.40000009536743,,13.0500001907349,,,9.42000007629395,,19.7629089355469,,17.4369029998779,17.0422115325928,,,
